MarkerID,Ref,Alt,FlankSeqBase,TargetSequence,ReferenceGenome,Chrom,ChromPos,VariantAllelesDef,Marker_Type,Marker_Priority,Comments,Category,Mb_Region
chr01_000551986,G,A,A,TTTTAAAATCATTATCAAACATCCTTTAAATATTTTGTAAAGAACTAATAAAAAAAAGGTATTTTCTAACTTTTTGTATGAACCCATAATTTTTCTTTAAAAATACCTTTTAAGGTAAAAGTGCTCAGCCATGTGATAAAATCTTACCCGTTTTTGCTCTTCAATGTTTGCCTTTATGAGGGAGTAAATGGCAACACCAGCAATGGCTATTGCAGTTCCAATCCCAGTCTGCCTAGAGATTTTGTTCCCTGCCAGATTTTGCAGCCATTAGAATACAAGAAAACAAGAGTTAGTTCAGTG[G/A]GGATGGCTGATAAATATTGAATCGAGGTCTGAAGTTTTTCTGATATGGAAATTTAGAGTTAGTTGGCGGCACAAATCATTTTGAGGGGAGGAATGAACCAATACCGAATATAACAATGGAGAATCCAATGACAAAAACTCGCTTCAACACATTTCCAACTGCATGTGTAAGCGGCGCAACCCGTTCCAAGGTGTTGGTAGCAAGCTGCAATTGGAAGCAAAAGAGTTAAAAGAACCAGAAAAATGCAAATTCAATACCTTATTAGTCTGATTCACACTATGTCACTATCAGACATGCGCA,PN40024_assembly_v2_upper_rename.fa,chr01,551986,[G/A],SNP,2,genic,Muscadine,0.0
chr01_003087381,C,T,T,AGATTTGAAGCTGCTTGGCCATAGGCATCAGTCTCAGATCTGCTTCAACAACATTACTGAACATTTAGGATATAAAGCCAGTGTGGGCACCCCAAAGTCGGAAAATAGCAGACAATCCAAGAGTGACAGGCATGCTCTCCAAACATGCAGCTTGCATGTCAGGTGGAAAAAGAAATACTCACACAACAGTGACTGTAGATGCTGGAGTTGCAGCTGGAGCAGGGGCAGGTACGGTTGCAGGCCTATAAAATGGAGGAAATTGCAAACGGAACATAGATTACTCATTATGCAAAAATGAAA[C/T]ATCACACAATAAAAACCATAAATAAATACATATGCTAAAAAAATAAGCAATGGACAGCCAAACTCACGGTGGCAAGGCTACTACAGGAGCTTGAGGTGCTGTTAATGTTGAAGTTGTAGTTGGAGGAGGGGCACTTGCAGATGGAGCCTACAGGGGAGACAGGTTTTTCAAATGCATCAATAAGATATCTTGAAAATATACACAACCCCCAAGCAAAAATCAAAGATGTGTATATTGGATCACTGAGGTTTGAAACAGAGAACACCCATGGTGTAGGCCAGTAAACAATTAAAAAAAAAA,PN40024_assembly_v2_upper_rename.fa,chr01,3087381,[C/T],SNP,2,genic,Muscadine,3.0
chr01_016918353,C,T,T,AATGCCTGAGACGATTTTCTCTTTTGGTGTCAGGGGCAGGACATATGATATGGGATTTTCGTTCATGTATTTTCTCCTTGTCTGTATATTTCAATGTTTCTTCGTACCCTTGGTGGCATCTCAAGGCCAGCTTGCCCCAGCTTTATTCATATTTGGTGACTCCTTCTTTGATAGTGGCAACAATAACAACCGCAAAACACTTGCGAAAGCAAATTATCCGCCTTATGGCATAGATTTCCCAAGTGGAGTCACGGGCAGATTCTCAAACGGCCTTATAATTACCGATTACTTCGGTGAGTT[C/T]GGAGACATGGGTTGGTTTAATCAGAGGGATAACCTTGCAGCTTCTGTCATGAAGATACTAATCGTTTTTCTTTATATTCAGCTCTCTCTCTTGGGTTGCAAATATCTCCTCCATTCTTGGAAACCGAAGAGAGTGTGATGAAAAACTTCTTAGAGGGTTTTAATTATGCATCCGCTTCAGCTGGAATCCTCCCTGAAACTGGAAGTGCTTTGGTAATACATACATCCCCTTTTCTACAACAAATTTTCTCAGCATTTTTGTTGATTCCTAGAACATAGAATGAATCCTGAATCTAGATTT,PN40024_assembly_v2_upper_rename.fa,chr01,16918353,[C/T],SNP,2,genic,Muscadine,16.0
chr01_017749671,T,A,A,GGCTAAACAACAACAGTCTCTCCGGAGCAATTCCTTCATCCTTGGCTAATATGACTCACCTCGCGTTTCTGTAAATCTCTTTCAACTTTTCCTTCAGAAATCATAACAATTTTCTTTCTTTCATTTTTCAAATGAAATCTGCATCTTAATGAAGTTCCTTTTGTGTTCCAGGGACATGTCCTACAATAATTTGAGCGGTCCTGTACCAGGGTTTGCTGCCAGAACATTCAAGTGAGTCCCTCCAAACCTGTTCCTTTCTCTTCCCAGTTTCGTCCCTTCTTCTAGGCTGATGCTTGGTAT[T/A]ATGAATCCCTTAAATCCGTTGTCTTTTTCATTTGTTAACACAGCATTGTTGGAAACCCTCTAATATGTCCAACCGGGACTGAGAAAGACTGCTTTGGGAGACCAACACCGCTGCCCGTCTCTATTAGCATGAACAATTCTCAAAGTAAATAACAACCCCTCAACTTCTCTGCTCTATGTTGCTTTTTTCAATCTCTGGTTCAAAGTCCCTCTTTAGAGGTTTATAATTATTACAATTGAATTCTATTTCAGTCTCTTCACAAATTGTTATGTAATAGCTCTACCAATCTTTGGATTTAGC,PN40024_assembly_v2_upper_rename.fa,chr01,17749671,[T/A],SNP,2,genic,Muscadine,17.0
chr01_018814198,T,C,C,AAGCTATTTGTGATACTTGAGTTAGCAAAGAATTCACTCTTGGAAAGATCTCAAGTTCAGGAAAACAAACAATTGAATATTAATAGATTCTATGACGCTGAATCTGGAAATGTTTGTTATGCTGTCACTCTAATGTCAAAATTTTCATTTATTTGATGTAAGTTAGAAACTCAAGGAAGGGAATGTGATACAGCTTGTGAGATGATGAGGATGAGATCTCTTGCACTGCATGGGTTATGCTGCTGGTTAGCCCACAAAGTTTCTCTGTTATAAATAGTTACAATTTAAATTGAGAATAAC[T/C]GTGTTTCTTATGAGAGAACACAATATTTAAAGTGTATTTTCTTTTAGACAGTACTAATAATATTGCCTGACATATGTAGTAAGTGAAGTAGGGAAACTGCTGATGGTTTTGCCTCTATGAGAGACACTGTTCTTTCAAGTGTGCTTCCTTTGGACGTTCAACATGATTATTCATACAATCTTATAAGAATTCATAAAGCTGCGTGTAGTTTAGTGAATCACTGTGCACCACTAGGAGATTTTTGCAAGAGAAGAATATTATTTAATCATAGAAATATCTGAATCAAATTAAATATAAATA,PN40024_assembly_v2_upper_rename.fa,chr01,18814198,[T/C],SNP,2,genic,Muscadine,18.0
chr01_024114096,T,C,C,GAAGTGCACCTGAAAGTATACACAATGTATACAAGGCTATAGGCCTCTTGATACAGAAATAATTGGACATTGATTGTGCAAATTTCTTAGAGACATTCTAAGCTTAGCTGAGAGTGGAATTCCATGAATAGCCTATGGATGAAACCTCTAGCAGGTTCCTTCAGGAGGTTTGAAGCATTATAGTAGGTTCTGCATTGGTTTTTGTTTACTTTTTCTTTTCCCCCATTTTAGAACAGCAGCTATAGTCAGCCAACTGAAGAAAGCGCTTCAACCCAAATCCATTGATAAAAATCCAAGAGA[T/C]CTCAAACATTCCTCAAGATTTATATGGATTTATATGATGTTTCCTTACTATCTTTCAATTACCTATCAACCCATACAACTTTCAGCCTTTAAAAAATAAATAAATAATAATAGCAACAATAATATAATAATAATAATAATCCATACAGATTCCAATAATAGTAATAAAAAAATAATGATAGTGGTAGTAATAACAACTCATGCAATTTCCAATTAATTTTGCAATTCGGTATAAGTTCACCATTTCTTGATATCAAAGCTTAGAATCTTGTTTTCTCCAACACAATTTTAGTTTATGATC,PN40024_assembly_v2_upper_rename.fa,chr01,24114096,[T/C],SNP,2,genic,Muscadine,24.0
chr02_001324543,C,T,T,GTCAAACAACCTTCACATGGTTCGAAAGTAATTTCTAAAGGAATTTCTTACAAATTTTAAAACATACCGCATCAACAGCTGCCTCAGCAGGACCTCTGATGCTAACTATTGAAGATTCAATGAGTCGACGGTATCCTTGTTCAGGAGCTATTAAATGGGGTTGATATCCATCAGCTTCAGTAATGAGCTTTCGTACATTCTCCATTGAGAGTTGCTTATCAAATTGCAACCTTTTCAGAGCAGCAGGAAGTTGGTTATCAAAGACATGGTAAATTTTATCACCACCTGCGCGCCTGTGGA[C/T]GGAAATGCACATATTAAAGAGGGATTCTTTTCAAACTAATAGGATAGATTTAGACCTGAGAGGTAAAATTGAACTCAGCTGGGCAGAGACATTTTGCATAATTATGAAAGGAAACCAAAGTGTGATACATACACGCCATCGAGATGCTCTTTGTATATCTGATCGAAGACACGAGAAATTTCCATGATCATGTATAACTTTCCCTGCATGTAATTAGCAATCTATCATTAATAATTCTTGTAGAATTATTAATTGAGGGTAATCAGATAACAAAGTGCCCCACAAAAAAGAAATTAAAAA,PN40024_assembly_v2_upper_rename.fa,chr02,1324543,[C/T],SNP,2,genic,Muscadine,1.0
chr02_003629064,T,A,A,AATTAAGATTTTGGTTGCACCATCAACATTTAGTTAAATCTAAAAATAAAAAACTATTTCAAACAAAGCTTTATTTATTCATCTATCATGCTAATGGAGCCTCAGAAGTTAAAAAGATTAACTGGGCCATGGTTATAGAAGCCCAAAAGATTTATTGATGGGGCGGAGCAGGTGGGCCTGGCCTGCCATGTGCAGCTGTATTTTTTTGACTTGTCTTCAAGACAACAAGTCAACGCCTCCGTTCAATGAAGCGGATGTATCGGAAAAACCCAAAAGCTTCATTTTCCCCTCAAAACGCGT[T/A]AACCCCAAAATGAGCTTCTTCTGCAACTGCAGCAACCTCTCTACTTCCTTCTGCCTCCTCATCCTCCCGTTCTTCTTCACCTTCATCCATGCAACCACTTTCGAAATCCAAAACAGCTGCCCCTACACCATCTGGGCAGCCGCCGTACCCGGCGGCGGAAGGCAACTCGACCAAGGCCAGACCTGGAACCTTTCAGTGAGCTCCAACATAACGGGCCGCATCTGGGGCAGAACCAAGTGCAGCTTCGATGAAGCCGGAAGGGGGAGCTGCGAGTCCGGTGGATGTGGAGGCCTCCTTGAA,PN40024_assembly_v2_upper_rename.fa,chr02,3629064,[T/A],SNP,2,genic,Muscadine,3.0
chr02_006188617,A,G,G,CATGTGAAGTGAGATGCTAGAAGGTGAGAGGATTAAAGATGAGGCAATAGGCACCCACATTATCACTTAGGACTTTTGAACAGGCTACAAGTAATAGGCTAGAGCTTTAAAATGTTAAAGAAAGACTCATTAAAAGTTCCTTATGATTAATAGTTCAAAGAAAGCTGCAAGAATGAAGCTCAAGTTCTCTACAAACACGTGACTACTAAAAACCACCTATTCATCTTTGCATTAAGTGTCCATCTAAAGGAATTAAACTAATTGGATGAGAATGGAAATAACTATATTTGACTGTGATTG[A/G]GAAAGATAACCTAGGATCCCAAAAGAACGGAGGGATCAAGTTCAAGATGAAAAGTCGGGGATGTAGTTTATGTGTTGAGGATGGCAGCTTTATTTTTGTATATTTCCCATGTATATGAGTTGATCCCTCTTCTTTTTATGTCATTGGTGCATTTATTTTGCCCCTTAAAAAGACAAAGAGTGGAAGAACCAAGAAACAGAAGAAGATAAGCAAAAACAGACTCTGGCATTACTATAAATGCCATTCAACTGGCCTCCTAATATGGATAACTTGCCTCAGTCTGAGGAAGTTATCAGAGCT,PN40024_assembly_v2_upper_rename.fa,chr02,6188617,[A/G],SNP,2,genic,Muscadine,6.0
chr02_007831956,A,G,G,CAGAAGATGAAACCCCAGGTGACCAAAACAGAGATTCAGCTCCTATGAAGTCTTGGGTATGACCCCAATTATGGTGCTAGGCCTGTCAAGAGCAGGTGATCCAGCAAAATGTTGAAAATGAACTTGCCAACGGCATCTTGAGAGAAGAATTTAAGGATGAGGATACAGTGTTGATTGACACAGAGGTCACGACATTTTCCAAAGGCCAACTTCCCCAGCAAAAGCTAATCTTGAGAAAACTGGAGCCTGATTCCGATACACCAGCTGCAGAAGGCCAAGAAGCTTTTTCACAAACCATGT[A/G]AACGTCTTTTTTGTAGTTGTATGGTCACTTCTAGTTTTAACTCCTTCAAAAATCTATAAAAATATAGTTTATATAGAAATGAGCATCATCTCACCTTGCATACTCAATCCGAGTGTAATAGATATCTCTTTTCTCATTTGGCTTAAACACTATTCACTTTTCCCCCAGATTGCCTTGGTCTTATTAACACAAAGCAGTATCAGAAGAGACGCAGGACATCTCTTTTCTCATGGTAAATATGTGATTTTTTACCATGATTGTTTTTATGAAAAAATAATGTGGCCACAAATTTTATTTTGT,PN40024_assembly_v2_upper_rename.fa,chr02,7831956,[A/G],SNP,2,genic,Muscadine,7.0
chr03_001847102,T,G,G,GATGGAACCGAGTTCGTTCTGGTAGAATCAAGGACTGGTCTGGGGCCATGCATAATGTCAGAGAGATTAATATTTTCAAGAGAGGAGGATGTTTCTAGCTTAGCATTCGTTTGTTTATCAGTAGAATTTGAAGGGTTTGCATCATTGGTAAAATCAAATACTTTGTCAAAGTCATCATTCGCATCAAAAACTGACCAAGTAGCTTTGTTATCTTCAAGATTTTTATCTGCCATTCTCATAGAAGGGGATATAGGTGTGTCTGCTTCATCAGAAAGGACCTCATCCTCATTTTCCAGATCA[T/G]ATTCTGCCGTGTCTGATTCTACTTCAAGCTGTATGGGGCTTTCAACATGACTAGAAGGATTAATGGTTGGGCTGATGGTTGGGGACATAGTAGCAGCCTCAGAGCTTGTAACACCAACAACCTTGGAAGCCTTTTTTCCAGAGCCTTTCTTTGATGGACCAAACTTGATATGCCTAACTATTACATATGCCTGTCTTTTCTCTACCCTTGGTCCACTTTCCACAAAACAAACATCTTCAATCTGTGAAAAGTTGTTAATGGCAATGAATGAGAAAAGGAGACAACAAGTAATTACGAATG,PN40024_assembly_v2_upper_rename.fa,chr03,1847102,[T/G],SNP,2,genic,Muscadine,1.0
chr03_008403995,C,T,T,GACGGATTTTTAGTAAATATTGCTAAGTGATGAGAACTAGGGAATCGGGGATTAGCGATTGTATTGAAGGTTTACAATTTGAACTCAAGAAAAAAACTTCACCTTGTAGCAAGCTTGATATGTAGAAATTGGTCTTATGGAATTTGTGGATTGAAATTAAAATTTCATGCTTGAACTTGTAAGATTTTCGAAGTTGGATTAATGTTTGATCTCAAAAAAATCTCAGTTTGCAGAGATATAATACTTGAACTCGAAAATCTTTTCAGCTCCCATAGGGTGGATACTTGAACTCAAAAGATT[C/T]TTCAAGTTGGTTTCATACTTGAATTTGGAAATGTTTCAAATTTTGGTTCAAGTTTTCAGCCTGTCAGCATTGTGATTTTTGGTTCAAATTCTGCAAGCAGCTTTTATTTTCAGTTTCTTTTAATGTCTCTCCACTGTGATAAACAGTCATTTTTGTCTGCAATACGCATTAGTGACATTCTGGGGATGAAACATTTTATGAAATACAAAATTCTATCCTAAATTCCTTAGATCTAGCCAAAGAGGATTTTACAGTGACTTCTTTTCATTTTTATTATTCTAGGTAGGCAAGGTACATAGG,PN40024_assembly_v2_upper_rename.fa,chr03,8403995,[C/T],SNP,2,genic,Muscadine,8.0
chr03_008505722,A,G,G,TTCCTTCCGCTTAAGATCCTCCCCAAGGGACCATTGGTACTTCAAATATGCCACCATTACTTGAGGAGGGCCATGGTATCGCACATTTTCAGGAGATGTTTCGGGATCATACTGAATACAATTCAAATCAAAGCTGAACTAATCATTCAAAAAATTGAAAATTAACCTAAATATCCTTGTTGGTTTCCATCCACATATATTTCTTACCTGTAGAAGTTTAATTAAGGTAGACCTAGCCTGGCTAATCCGCCCGTTCTTTCGGCAAAGATAAGAAAACTTGAGCCAATTTTCGATGTCCTC[A/G]ATAGGAGGCAGCACAAGTGCTCTAACTGCTAGAAGTACTTGCCAGACCTGTACATTCGAGAATGATCAAGTTTAGATGGAACTAAAAGAATGCTTTGGGGGAAAAACAATGATTCGGCAGAAAAAACATAAATTCAGCACAACTAGCGGACCAATTCCATGTAAGGAGTCGATGTGTAAAGCAATAGGCACATTGTTTTTGTATTCCATTTTAATATGTCCAATGCATCAGAGAACTGAAACTGGCTTTCATTGGAGCTTCCGAGGTTTCCTAGTGATTGTGAGATTACTGGTACTTCTT,PN40024_assembly_v2_upper_rename.fa,chr03,8505722,[A/G],SNP,2,genic,Muscadine,8.0
chr03_010163623,G,C,C,CATGATTCTAACAGTAGGAGTTTGTACATGGGTTACTATATAAAATACAGTCCGCTTGAAGATTTGGTATGACATGATCTATGAAACCAACTTTAGAATTGATGTGAATGATAATCCAAACTAGCTATTCATGTAAATGTATGTGATAATACAAAAGTATTGCATGTCCCAGGTGTTATTCTCGTTGTCCACAAAATTTATCATGACAAGAAATATTCTGCTGCCTCTAATTTGTGCACTAAACTCGTTTGATAAGAATCTAGACACAATCACTTGTCACACATAAAATTTAATCATTAG[G/C]ATATTATTCCAATTTACGGAGAACACCTTTTTTCAAACTAATTTATGGGAAACACTCTTAATAGGATTCAAGTAGAAGTGAGAAAATATAGTTTCTAATTTCATCCTGCTTTATTGATAATGATGTGAACAAATTCATTGACTGATAAATTTAGTAACACAAATGATTGAGCGTACACAACCATGATGGCAGAGACATCACCCACTCACATAGGCACTGGTTTACTACATATGAAAAATATAAATAATTAACTCAAAAAATAAATTATTAAGGAAGTTCTTCTATTGGAAAATTTCCTTC,PN40024_assembly_v2_upper_rename.fa,chr03,10163623,[G/C],SNP,3,nonGenic,Muscadine,10.0
chr04_000145936,T,C,C,AAGCAAAAATGGGGTCTTGGCATTAGACATCTCATTATTCTCAACAGTAGGCATCTTGGCAAGTGGAGTTGGAGTTTTGCTCTAGAAAGTGAATCTTTTTGGAAGTGGGTTATTATTGGGAGGTTTGGGGTAGGAAACGAGGAATGATGTTCTTGTGAAGTGAACGATGAGTTTGAGGTGGGGTGTGGAAGGCAATCAAGAGACAGTGGGACATTTTCAAAAGTAGAACCTGTGTCTTCTTTTGAATCTTGAATCTTAGTAGTTTAGTAGAGTAAGTGAGACTCATAGACAAGTGACATA[T/C]GTTAGAAAAGAAAGCAAAGACCCTAGTTTGTGCGCTTAGCTTCTAGAAGGCACAACTCACAAGCCTTGTGTTGAGAATCTGAAATCAAATCAGATCATACAGCTTGGAGGAGTTTGTTGTCAAGATAAGAAGTCAAACTTAGCTGAATAACCTAAAATTCTGGGATTGATTAGGCTGATTTGTTCCTGTGTTTAGATGTAGCTGTAAATTATCTATAAGAATTTTACATATATTTTCCCATTTTTTCTTCCTACTTTTTAGCCTTGAAGCTAGCCTTACTCATGTATTTATTTAATAGCA,PN40024_assembly_v2_upper_rename.fa,chr04,145936,[T/C],SNP,2,genic,Muscadine,0.0
chr04_001847769,T,C,C,AACTAAGGTTCTTGGTAATATGACAAAATTTTCAGTTTAACGTTGTCATTTTCTGAAGAATGATCATGGGATCTTTTGGATTATTGAAGGTGTAGTTGTTATTGCTTTTGATGCCATAACTTAGGTGCATTGTTATGAATTTTTGCTTTAGTTTTCACATGTAACAATGAAATCACATATGCTTTGTGTGTTACAGTACCCAATTAAATTTTTAATTTCTATGGTCTCTCTCCTAGCCACTGAAAAAGGGTAAAAAAGAAGAAGAGATCAAAGAATTTCCTGGATATCTATGTTGACTTA[T/C]CGATACTGGGCTGATTGAACATCATAGGAAGATCTGCAGCATATTAGCAAACTGCAGCTTAAATATGCCTGCTAACTGCTTGGCAGATTCTGTGAGTGTACTTCATTCTTCATCACTAATTTTACTTCATCATGTACTGATAAAATGCATTTAGTCTTTGGCAATAAGGCTCAGGCAAAGGAATGAGGGAAGCTGCAGTTCACGGAAAAGCTCTAGACTCTGTTTATATTTGGGTTCTACACTCGATACTCTGTTTGCAAACTACATTGCAGGAACCCAGTTAATCCAGAGTCACATAGA,PN40024_assembly_v2_upper_rename.fa,chr04,1847769,[T/C],SNP,3,nonGenic,Muscadine,1.0
chr04_002387668,T,G,G,AATGATGGTTATGAAGCTGCGCGAGAATGCAGATCTTATTGATGCAATAGTTAAAGGAAACCTGGTAGACAGTGTAGACTTTGGATTGGGGGGTTCAAAGAATCGAGAGACTCTCCAGGCAGATTTTAAAAGACGTCAAGGCGACAAGCTTATTGCCTGCCTCAGAGACATCGCTGATACCCTTGACCAGCTTCGCGATATAGTACAGAAATGTGGATAGTGAATAGTTCTCATAAAAGGGTTGCCGCAAAAAAATTTCAGGCCAAAGGAGCCTTTGAACAAGCCTCCTGCTTCTTTCTT[T/G]TAGACAATGGCTCTTTGTGTCATAGAGATGAATTTGGGAAGATCAATATATGACTGACTATTTTATGTTATCATTTAACTGTTAATATTTGGATGCAATCAATATATGACTGAATTTGGCAATGAGGTAGAGGGCTTGAGATTTGATTGAGGGATTTATGGAAAGGTAGGCCAGTTCATGGTATTGAAAAAGGGGGAAAATGAGATTTGTGGAGAGGGCGACTCCACTGGGGATCGAACCCAGAATCTCTGGTTCCGTAGACCAGCGCCTTATCCATTGGGCCATGGAGTCGGATGACTG,PN40024_assembly_v2_upper_rename.fa,chr04,2387668,[T/G],SNP,3,nonGenic,Muscadine,2.0
chr04_007023874,A,G,G,CTAGTGCAGATATGCAAGTTCTTTCTACAGCAACGATGCCGATTTGGCACCAACTGCCGCTTATCACATGGTATGTTGCTGTTGTTTTTATTATTTGGACAGGTAGATCCTTGAATTGGTTCAAAAATCCCACCATTTTCATGTGTTTTTGTCTATTCCCTTGAAAGTAATGCATAGTAAGAGATGAATTGGAGAACTTAGCCAGCCTATATTGTTTAAAGCCACTTCCACTGAAAAATAACAGGAGCTGTCATTGTTCAATTTGTACTGAAGAATTTTATTTAATATTAATTCTCTTCT[A/G]TTTTCAACACTAGAAAATGGGAAATTCTGGAACCATTTCCCAGGTCTACTTTATAGTTCATCCACTGCTGTTCTAGGCTTCCTGTAATTAGATTTGGCCCTTGTCACCAATTGGTTTTATGTGATGTATGTAGCACTTTTTAATTCCTGAATTATCGTTCCTTTATTGACAAACAGCTGACACTCAACATTAAGTTCACTGATTGTCCTCACCACCTCTGTGCTGATATGCGTTTCTTTGTCCCAGGAGTTGATGTCCATTTATCTTCCCTGAAGCAATATAACCCAACAATTTGGGAGC,PN40024_assembly_v2_upper_rename.fa,chr04,7023874,[A/G],SNP,2,genic,Muscadine,7.0
chr04_007625713,A,G,G,AAAGATAATAGTGTTTGCGTTGATGTCTTGGATTGGTTCATTTAAGAAAGACAAGAGACATTTGAAATATATGCTCATGTAACTATAACATTAGTGTCATAAGATATCATACCACCCTGGAATTTTTAGTTTCAATTCTGAATCTTACTTTAGAAGATTGGATCTTTACAGAAATTGCAAGTGCAACTAACTGTTGAGAGTCTAGGATGCTAATAGTTAATCCTATGAATCTATATAAAGTAATCTAATCACAGAATTTCTTTACCTCTGTTGTTTTTCCTGACAGCCTCACTCACATAA[A/G]TTTTAAAGCTTATTCCAGGGTCCCACTTTATCATAAGGAAGCGGCTGTCATTGCTCCATGACTATTCTTTTACTAATTTCTTGTAAACCTGTATTTATGTTTTTTTTTAAAAAAAATTCTTAATAACTCCTTGGACTAAAAAGGGTCCCAAATCTCAAGATTCTTTAAGAAGATCCATGTTTCTAAATTTATGCCTGGTTGAGGATCACCTCATGAAAGGATGAAAGGTTGTATAGTACTTGATCAACTGAATGAATTGTTTTCTTAAATCTTCATGTTGAAACAAACTAGATAATACTT,PN40024_assembly_v2_upper_rename.fa,chr04,7625713,[A/G],SNP,2,genic,Muscadine,7.0
chr04_009507699,G,A,A,CTATTTTTTTAAAGCTATTAGTTTTCAAATTAAATAAGAATAAATATAATACTTTATTTTACAAATGTTTTTAACATGTAAAAATAAATAGATTCAATGTTTAACAATATTCAAACATAAATATAAACGAACTTAATACATAACAACATTTAGATGCTAATAAAAAAAAACAACACTTAATAGCATTCAACTCTATTAAGATCTTTAAATCAAATGTAGATCTATTTAGATCAAACAAAAAAACCAGACACCGTCTAAGTTTTTCTTTGAAATCTTCCTACTATCATCCAGGGCATCCCC[G/A]TGGACCACATTCCTGTCCCTGCCACTTCCCAAAAGTGCATTTGGTAAATAGCAGCATATTCAAAGATATTGCCTTTCAAGAGCACTTTAAAACTATAAATATATGAACATTCAAGCATATGGTTATAAAGAACTTGAAAAAAGCTACAACTGAAATGTTTACATATAAAGAACTTGTCAAAAAAGATGCATATATGTAAAGAATGAAGAAATATTAAAAATTGAACTCTGCCAAAAGCACCCAAAACATAAACATATATTAACAGGTAAGAGAAGTTTAGAAAGCAGCAAGTTTTCTAGA,PN40024_assembly_v2_upper_rename.fa,chr04,9507699,[G/A],SNP,2,genic,Muscadine,9.0
chr04_010942671,A,G,G,CAAGTTGGGAGCAATGGTGGAGAAGGCCAGGCCTCATCAATATAATTAACTATGACAGTGGACTCACACACAGGCTTTCCATTATGTAACAACACAGGAACCTTTTTGTGGATAGGGTTTGAATTGAGCAACAACTCACTCTTGCTACCCAACACATCCTCTTCTCTATTTTCATATTCCACACCTTTCTCAGCCAGTGCAATCTTTACCCTACCACAGAAGGGGCTAGCCCAGAAGTCTAAAAGAACAACCTCTTCTTTTGACATCTTCACTTCGATCTCTCTTAGCTTGTCCTCTGAC[A/G]ACAGAATGAGGAAAGAAGGCAGCAATTTATACAGGAAAAAAAAATCCTAATTTAAGTTGAAAACAAAAAGGTCTGTAATTCCATTGAATTTTTCTTGGTTGCTCCATCCGAAAGAGCCTTGTTATTATCATCTGTGGCCTTTGATTTTTGGCCTTTTAGATAGGAACTATGTATTGGAAGCAACTTTTCTGGAAGTATATACAGATGTGTCATAGTAGAAATACATAAAAATAAAATAAGTAGAAGGACATACTAATTTTTAATGTAATAAAATGATAACAGGCCCACCATAGTTGGTGC,PN40024_assembly_v2_upper_rename.fa,chr04,10942671,[A/G],SNP,3,nonGenic,Muscadine,10.0
chr04_021688626,C,T,T,TTTGGACTTGTCTGGAGAAATTATTTCTGTTATCAAAGATTTGGGTCTTGTGCTCATAATAGTTTGGTAAAATTGGCCATGAGGATCCTGTCTTTCTTCTTATACCTTTTCTGTTCTTCAGTTGGGTTTTGTGGATTTAGTGTCTATGAAAAGTTTTGCTTGAATTTGGTTTCATTTTGACTGTACAACTCTGTTTTTTATTTGCTTTAACTCGATCTAGCACATTACTTGGCATTCAAGCAGCACTTGTACGGCATCAAATACCAAAGGGAGAAACTCCCTTGAGTCTATTGCTGCTTC[C/T]TCTTTATGTTAGTTGAGCAAATGTTGAATTCTGAATCAGTATATTTAAAGAAAAGTTCGATTTTCTATTATGGAAGGGATGATAATTTGATTGGCTCAATGTGCAATAGCCAATTTGGGCAAGTTGATGAATTATTCTTTCTCTTTTAGGACTGGGATTTTAATTTTTTCCACCTGCCATGAAAATTAATTATAGTGGGAGATGCAGATTGGTTTATCATTGTTGGATGTCTGGAGTCTTTTGTTTCATTTGATGGGTATCCATGTGATAATCAACCAACACTGGAATCATTGGAATGGA,PN40024_assembly_v2_upper_rename.fa,chr04,21688626,[C/T],SNP,2,genic,Muscadine,21.0
chr05_002801346,T,C,C,AACAAACCAGGAGTCTAAATTTTGCTTTGCATATATATCATACCATATTACAAGAGGCTGACAATCAGAATTAGTATAGCAACAAAAACAACTAAGCTGCTAATATGACCAGAATTTTGCTTTGCATGTATATAATACCATATTACAAGAGGCTGACAATCAGAATTAGTATAGCAACAAAAACAACTAAGCTGCTAATATGAATTAAATTAATGCCCCTCCAGGCTGCCTGCAGTGCCTTTGTTTTATCAAAATTACAGTGCATGTTCACAATGTGCATATCACTAATCAACCCTGAAG[T/C]GAAAGAGCTCTGTGGGACTTTATATTGTAACCTCTAATGATGGGGTCTTGGAAGAACAATTGGACTGAAATATTTCCTTAGGAACAGCTTGAATACATTAAGACAGGGTTAACTATGTGGTTGTCCTTTTTCACTAGCCACCTCTATGGGTGGACGGGATGAAATTGTTGGAGCGGAGTTAAAAATTGGTAGTTGGTTTGAGAAATTGAAATTAAATTTCACTACCAGTGTGAGCTACACATGGAAATTTATTCACCATGCATCTCAATGACTCTGGCAGAGTCTCTTGGTGTGATCAAT,PN40024_assembly_v2_upper_rename.fa,chr05,2801346,[T/C],SNP,3,nonGenic,Muscadine,2.0
chr05_019502042,C,T,T,TTTACCATTATCTGTGACTAGCTGAGCAGCGATTACCAACCAATGTCCGGGAGCATCATGTGGACCGCGCACTACCTCAGCTGTATCCACATACTTAAGAAGCTTTGTGGAGCGGATGGGCATAGGTGGGCCATCTGGGTATACACCAGAGTTCAGTGCAGTCGGAAGCTGCTTTGGTGGACCAGTTGCCTGTTGAGTGAAGGTGAATGTTGTCTTGAGAGATGCAAGGAAAGTTGACTTCCGAGAAGCTTCTGGTGCCATCCCCCATTCTTTCTTCCTAATGGTGCAGTAGGGTATATG[C/T]GTAAAGAGCAGACGGAGATGAAGTATGGTCTTTGGCCACTTGCCTTTGCTCAAAAGCTGAACACCAGTTACAACAAAAACCCCAGTTGAACCTCCCTTCAGCCAATTGGGATCATACTTGACTGCTGATGTGCAGACATGAGAGTATGACTTCCATTTGACTGGTTCTAAGAATTGGTTAATGGACTCATAATCATCAGAACCTCGCCACTGACATGGCCTGCACATGGAGCTGTTGGCCAATAAAAATTCCATACAATTTGGAAGGCTTGAGAGGTGCTGTATATGCATGGCCAACCGG,PN40024_assembly_v2_upper_rename.fa,chr05,19502042,[C/T],SNP,2,genic,Muscadine,19.0
chr05_021261606,C,A,A,TTATGGGTGATATTATGATGCTTCAAATATTTTATTGACATAACAGACCTAATCTTTCACTGTAATTAGTTACAGTGAGTCAGGGACTGATGGGGATTATCAAATCTGGTAGATCATGCAAGAAAAACATTAAGAAACGGATTAGTGTGCATATGTGCTCATCCAGCTACTGGTGATTTCTGGAGGCCGTTCTGAATGTTTTTCTTTTTCATGGAACTCTAGGTGCACTTGCTGTTGCAGCTCCTCTAAGTGGTTGCTTTGTACAGTTTTGTCTCCTAGTTGGGGCCATCCTCATTTTTT[C/A]AAAAGTTCCTGTTTAGTCTAAAGATTCCATCCAGTTACTCTTGTGCTTTCTGGCACTAACCAACCATTTCATTTGAGTGGAGGGTCTAATGCATATCTTATCCATACATGGGATGGCATTTTAATTAAGACAATCCATTGGATTTGCAACATTCTGGATTGAACTTGTCTACAATTCCCCAAACCCTCTCTATGGCTAATTCTTGGGTAACAGATTTCTGTTAAATTAAAACCTTTTGGGACATGGTGGAAAGCTGTTGAGCTGACTTTTTACAAAAAGAAGACGAGGAAGCTGATGGGT,PN40024_assembly_v2_upper_rename.fa,chr05,21261606,[C/A],SNP,2,genic,Muscadine,21.0
chr05_025360148,G,A,A,AAAATGGTTGTATTAGTTACTTCATATTCTCTTGTGACTGAAAACTGATCTGAGCTTACACTTTCGAATAAAGGCACTAGAACTGCAATAATTGGTTTTTGATGGTATTGTTAAATAATTTTTGTTCTCTCATGAGATGCTGGTATTGAACCCATCTGTGATATCTGGATTAGATTTCATACTTAATATCACACTTCTCTGGTGGGAGACTGCCTTAGGGGCACAGTAAAGTTAGCTCCATTCTGCAGCAATAAGTAGGTGTATGGCTGGGTCTTTGCCTTTTAATTTCGTCACTAACCC[G/A]CTGAAGGGATTGATGTCATTAGACACTTATAGGCCAGAGTAGCAGAAAAGTAGGCAGGGAAAGAACTTATTTGGCAATCCTATTGTAGCAATGAACCCATTTATTCCAATTTGCATATGGAAGGGTGGGTGAGTGTAGGAAGAACCAAACTTGAAACCAATTATTTATTGTTATTGTAGAAGGGAAAAAAATCATGTGGCACCTAGGCATTTAACATTGTATAAGAATTTCTAATGGCCACTATCATTTAAGGCTCCCCTTAGTGTTTTATTTGTGAAGAAAATATGGAAACAGAACAGC,PN40024_assembly_v2_upper_rename.fa,chr05,25360148,[G/A],SNP,3,nonGenic,Muscadine,25.0
chr05_025529655,C,A,A,AAAAAGACCCAATTGAGTATCAATAAGCAGGTTTCTTTATTTCTTTTAATAGGAAGATAAGCAGAATACATTTAAAAAGGTGTTTAGCAGAAAGAGGGGCCACATCTCATGTACACACGATATATACAAGCAATGACCAGAAAACAGACTACATCACAACTATGCTTACCAATCCCCATACCATCTACAAAATCCAAGAAGGACAACAAAGGAGGGCCCATTCCCCACATAATCACACATAACATCAATAAGCAAGTTCTTAGCAGTAATCTTTTAGCAGGCAAATTTTGTTGCAGCAAT[C/A]TTTTTATGGGCAAGTTCTTGTTGCAATATTAACTGATTCATCAAACAATAAGCGCATGCAAAACTTTCTATTTTGCTTTTTTGGACAGTCTAGACTGCATCCTTAAGGGTAAAACCACTACCTGGTTTGGAGAGGCTGCAGCAGGTTGACTCTGCTTTTCATCTTCTGAGCCAAACCATATTCTTTCACCAGGAATTGAACCTTCAGGAGGCACAAGAAGCTCAACATTCTCATGTGATGCATCAGAAGCAGCCATAAGCATTCCACATGACTTGACACCACGCATGTTCCTTGGTTTTA,PN40024_assembly_v2_upper_rename.fa,chr05,25529655,[C/A],SNP,2,genic,Muscadine,25.0
chr06_001396501,C,T,T,GAGTCTTTTATGTATTAGATGTTCCAACAAGTTTTGCTCAAAGGCTGCATGGATGTACTAATGACCAATGGATAGGTAACAACTATGAAAACCATTATAATACACATGATATTTTTAAGACGTTTCAATATATATGGAGATACATTGTTACCCCTTTGAATCTTCACATGGGCCTCCAGTTGCTGCTTTCACTGAAGCGCTTAGGTAGGTTGCTGCTTTCACTGAAGTGCTTAAGCAGGTTGCTGCAATTCTTCAAACAATTAGCCTCATTGTAGCCATTTTTGTTTATTGTACCTGATT[C/T]CTTTTTCCATTAAGATAAAATTAATGTATAAAATTATCATTGAAGCAAATTGGATTTGAACAACAAGACTTGAATCTATTAAGATTTAAGACTTAATTCATCTGTTATGACTTTCAAGTCTCCAATTCTTTTCCTAAGACTGTTATACTGTCCAGATAATGGAAAAGAAAATTTCCTAAATTCTACTAGGACTCAGAGAACTAACTTTTACTAATTTGACTTTGTGTAACCTAAATCTGCCAAATTATGAAGATCCCCTTGAGTAAACCATACGATTTCTTCACTTTCTTTTCTTCCTTT,PN40024_assembly_v2_upper_rename.fa,chr06,1396501,[C/T],SNP,2,genic,Muscadine,1.0
chr06_001539514,C,A,A,AGCCAGCCTGCCTGATCCCATGCCACGATGATCTTCATGATGGGATGGAAGTGTTGGCTTCCCAAGCTCCCACTCACCATGGGCGAAATGGCATTTATCCCCAAACTTACAGCCTTCAGCCGAGTTGTATTTGTTGCACAAGCGGGTCTTCACAGCTGGTGGAGATGAACCATCTGGGAAAGAAGGGGGCACTGCAGGATTTCTTGCAGGTGGTGCAAGAGGTGTGTTTCCCCCAAGATTAACCATCTGAGACACTGCTTTAATGCCACCAGGAACATAATGCAAGAAGTGGCATCCCTC[C/A]CCAAATGGGCACCCAGAAGTGCTGCACATCAATCAGAACCAAATGCATCAGGGCAAAAAGGAAACAGATAGAACAAAAATAAAAAGATACAACTGGTACCAGTGAAATCAATACAGTATAATAGCATGGATTGGTTTTATGTCCTTAAGACAATAAATACTCCTAACCAATCAAAAAACTAAGCTCTAGATGGATTTCAAAACAGTAAGCTAGTCAAACAGGAACATGCCCGATGGGCTTCATGGGGCATATCTGGACTAAGAAAACCACATTTGTTATTTTCATTTTCAGATTAAGATG,PN40024_assembly_v2_upper_rename.fa,chr06,1539514,[C/A],SNP,2,genic,Muscadine,1.0
chr06_005894153,C,A,A,CCTTGTCCATGATAGAATTTGTAGATTGGATTACTTCTGAGTAAAGGGAGGGGTGAAGGGTTTTGTTTTTCTGTGCCTTCCCTCTTTCTTCTGCTTGCCTATTTCTCTGGCATCATATACTGTGTGTGTACTTCTTGCGCCCTTGTTACAGGCACTTTTCTGTTTTGTTATTCAGTTACACATACATGCACACACACACACACGCACATATCTTCTTGTTGCCTGTCAAAGAATAATTAAGTCTGCAACACATGCATTAAAATAAATAAAGAAAAACGTCCTCAGTTGACCTTTTTTAAA[C/A]TGATACTTCATTGCCCAGCTTTAACTAGGTTGACTGCTGCCTGGTCTATGCTAGGCCTAGCTTAAAGTGGTAACACTCATTTACAGGTCATATTCACATGTGACATTTGTGTTACTGTTGTCAAATATAATCTTCTGCTCTTGATATAATTTGATAGGATCGTAGATATAATTGCATAGAAGGTCCAGTTATGTATCATTGTCTATATTATAACTCTTATCTCTTCAAAAAATATGGCTAGTTTTATCAATCTTAGGTGAATTGATTAGTACTTGAATACATATCAATGCTATGAAGAAA,PN40024_assembly_v2_upper_rename.fa,chr06,5894153,[C/A],SNP,2,genic,Muscadine,5.0
chr06_007897571,T,C,C,CTATAAAATATATATATATAAAAATAAAAATAAAACCGAACATATTTTATCAAAGAAAAACTACTGAAAAAACACCCTTTTGGCGTTAGGAAAAATTAAAAAATAAATAAATAAATAAATAAATAAATTAGAAGGTCAATAAAATGTTCAACGTTTTGAAAATTCTGCTAATGGCTGGTTTTTTTCTCCTGGACGGAAGCAATACAGGCCCTAAACCAGCACAATCCTGTGCATAATAAACTTCATCCTGGTGACTGATTCGTAGAAGCGTAGTTAATAATTGAAGGAGTAGCGAAAAAA[T/C]GATGGGAAATGATGATGATAATTGATGAAGGAGAAAACCTGGCAAGTGATGGTGCCGTTGGGACCGATCTTGGCGTTGCCGTAGGGGAGCAGCTTGAGATCAACGATGGAGACGAGACCATCTCCATTATTGAAGAGCTTTATCAGATGATTCACAATGAAATTTGAGCAGTAAGGGCAGAGCGTCTCGTAGTACAGGGCCAGAGGGACTTTCTCCGCCTCGGATGCGGAGATTGAAGCCCTAGCAGTGGCAGCGGAGAACAGAGAGGAGATGATGAGGAGGAGGCATGGGAGATGAGAG,PN40024_assembly_v2_upper_rename.fa,chr06,7897571,[T/C],SNP,2,genic,Muscadine,7.0
chr06_008320626,G,T,T,TGATTTAAGCCCAATAAAAAAGGCCCAGACCCTTCTTTTTTTCTTTTGTTCGAACTGGGCTTGACTGACAAAGTATCGAAGTCTAAGGACCATAATACCCTCAAATAATCTTAAAATACCACTTCCGCCATCTTCTCAACTCTTACACCACACTCGGACACGATACTGCTCCTTCAGCATCGAAGCCCTTGGCGGCCTCCAAGAAATGTTGCGGGCGATCCTCAGAGCAGCCACTGCTGCCTCAAGAACAGCACCGGATCGTTCAATCCCTGCGGTTTTCGCTTCTTCGAAGCTTTCGTC[G/T]TCAAACTACTCTTCCAAAAACACCAAATCCTCTCTTGTCAAGGCCAAAAAGGCAAAATCCAAGCCCGACGCCAAATCCGAGGAAGCCTCCGCCGCTGCCGCCGACGATGGCCTCTCCGACCTCCTCGACGAAGAGGCTCGAGATCGCCGTCTCGCTGAGGATGACAAAGATCCCTCCCTCGATGTCGGTCCCAATGGCCGTGCCCTATTCACCTCCGCCACTACCATTTCTCAACTCTCCAGAAAGGACACCTGCACTTACATGAAGTTCAGGTATTTTTCTATGAATTTGTGTGTGCCT,PN40024_assembly_v2_upper_rename.fa,chr06,8320626,[G/T],SNP,2,genic,Muscadine,8.0
chr06_008883132,G,T,T,TCATTGCCATTGGCCTCAACCTTGGACTCCTCCTCCAGGAATCTCTCTGGCCTGAACTCTTCTGGTTTTTTCCACTTGGAAGAGTCGTTAGCAAGCCACCATGCGTTCACCAGGATTTTGCTCTCAGCAGGAATGTCATAGCCACCGAGCTTTGCATCATTCAGATTCATGTGGGGGACCAGGAGAGGAATTGCCATCCTTAGCCGGAGAGTTTCTTTGATTACAGCCTGAAGATATGGAAGCTTTTGGATATCAGGCTCGGTGACTTGGACGCCAGGTCCAAGCACAGTGTTCAGCTCA[G/T]CCCTGAGCTTCTTCTGGATGTGAGGGTGGTTCACCAGCTCTGCAATGCCCCACTCGATTGACCACAACGTTGTTTCAATAGCTGCATACACAAATTTTTCACATTAACATGGTTCCAGTCCCAACCCATTTCTTAAAATGTTAGGAAAGAATCATTTAAAAGGTAAACTCGGGTTGTTAGCCTGACATGCAGTATTGATCCACAACCCAATAATCTAAATCTTTACAGTTTATTTGACTATTTGACTTTATGTCATGGTCTGAGGTCGCCTATGGAGGAAGTGTACATTATTCCCAGCAG,PN40024_assembly_v2_upper_rename.fa,chr06,8883132,[G/T],SNP,2,genic,Muscadine,8.0
chr06_016480334,A,T,T,AGAAATTGATTTGAATGTATAATTTATATGAAGGGCCACATATGAGCATTATATGAATTGCTAAGACATGTGATTGTGGTTTTGAATTTCAGCTGTGGTTGGAGATGGCTTCATAGCTCGCGGCATGACAATCCGTAACACTGCTGGAGCGTCCAACCACCAGGCAGTGGCTCTACGATCCGGGTCCGACCTCTCAGTGTATTACCAATGTAGCTTCGAAGGCTACCAGGACACACTCTACGTCTACTCTGACAGACAATTCTATAGAGAATGCGATATCTATGGGACTGTGGATTTCAT[A/T]TTTGGAAATGCTGCAGTTGTGTTTCAAAAGTGCAATATTTATGCACGTAACCCTCCCAACAAGGTCAACACAGTAACTGCCCAAGGTAGGACTGACCCTAACCAAAACACTGGAATTTCCATACACGACTGTGAGGTTACAGCTGCTTCAGATCTAAAGGCTGTCCAAAGCTCGGTCAAGACATACCTTGGAAGGCCATGGAAAGAATATTCTCGGACCGTCTTCCTAAAGACCTACCTTGATAGCCTAATAAACTCGGCTGGTTGGTTGGAATGGAGCGGTGACTTTGCCCTAAACACA,PN40024_assembly_v2_upper_rename.fa,chr06,16480334,[A/T],SNP,2,genic,Muscadine,16.0
chr06_017558198,A,T,T,ATGGATTTGAGGGTGTGGACTAGGTGGGATTGAATGGACTAGAATTCAGTGGAGAGTAGCCGAAAATTTGTGACTCAACGATGAAAACAGGAGAGTAGGTGAAAAGCAAAACAGAGAATGAAGATTATTACCATATGACTGACTTCCACAACCACTATTGCTCTCTACCTAATCTACTGGCCAAAAACAAAGAGGGAAGTTGTGCTACATCTTTCATCATCATTTGTCTCTTTTATCTATTCCAAAAAACCAAACCCTAGCGTTTTCCGGAAGCCGCTGCTTTCAGATCCGGCGGGTCTC[A/T]CACCGGAGCAACGAGGTTCACGTGCTTCGGGTGGGTTCTCCGATCAATGGACCATTTCGTTGGCTTGAAATGCTCGGCATTTTGGGGGTTGTGGATGTAGGAGTTTCAGTGTTTTGGTTTGGAGATGTCGGCGTCTTTGGCGGCATTGGAGCGGCCTCGGATCGGACCGTCCACTACGGTAGGGTTGTTGTTGTTTTGTTGGGTGGGGGTGGGGGTGGTGTTGGATTTGTGTTCAATTTGGGGTTTGAGGATCTTGTTTTTAGAGTGATGTGGAGATGCATTTGGTTTTCAGTGTATGTT,PN40024_assembly_v2_upper_rename.fa,chr06,17558198,[A/T],SNP,2,genic,Muscadine,17.0
chr06_020454071,G,A,A,ATTGAAATATGCACTCTCATTCCCTTGTGAGGCTTAGAAAGTGGAGTCCAATATATACCACATAAGATTCTCATTCCTTTCCACTGTGGGATTGGAATATGTACTACTCTTCACACATGCACTTTTCCAACACATCGAACCTTTGGATGCTAAAAAAAAAAAAAAAAAAAAATTCAATCTTCCCTATCCCCATTATTGTAAAGGGAACTCAAAACTTACTAACATTGGATGCTTAAAACCTACAAATATTAGATGCTGACTTTTGGACTGGTGAAAACTTTCAGCCCCCATTGTTGTAAG[G/A]AATCATATCCCCTGTCATCTTCTAAAACTGCAGCTAGGTTACTTATTTTTGTTCTAGCTTGAGAGAGTCTCTAGCACTGTCCCCATTAATGGTGGAACTTCCTTGTAAATGAAGGAACTGCAGGATCTTTGACTCATTCATGCTTCTTAAATTCACAGGATAAATTCTCTGTAAACATATCCTTTGGTGCTCTTTCCCCTTCTGACTGATGGCCTTTGGAAGCCACTAAGAATAAAAAGGATAAATTGGAGGTGGATCTTATATGAAATGATTTTTAACATTTAGTGCTGAAAAAGTATT,PN40024_assembly_v2_upper_rename.fa,chr06,20454071,[G/A],SNP,3,nonGenic,Muscadine,20.0
chr06_020724815,A,G,G,AATAGTATCTTACACCTTTACCATAGAGGGAATGGGCAGAGTCAGCAGGCTGATGTAATTGGGTTCTAAAGCTGTTGAGTTATGTGTTCATGGTTCATACTTAAGAATTATTGCATGGAACTATTAATTGCTTTAATATACTTTGTTCTATCTTTCTTTTTTACCAGCTTTTCATTGTTGCTCACTCTTATTCTCTGTCTCTCCCATCTCCTTCTCTCCCTACCTTTCCCCTTTATTACTTTTTTATTTTTTATTATTGAAAGAAATATAATCAAGATAAAATGTTGAAATAGCTTACCT[A/G]TTGCCTTTTAGTAAATGTTGTTTCTAGATGCAACTTTCTATGCTGTGTAGCATTTTCTCCTTAGTTAATTTTTGGCTGCTAATGCACTCAATATGTCACTTTTTTGAGCACATACTTGCATCTAAAGTATTCCTTTTCTATTTTTCTGTATGTGTTGGAAAATTATTTTCAATTGAAGAGTTCTTATGATGATGCCCTTTGAGACATCAATAACAGCAGATTTTCTTGTTGCTTGGTTTTTCCTTGATGTAACATGAAACTAATTAGTTCTGAAGTACCATAGTGAAGAACAATTGGCGT,PN40024_assembly_v2_upper_rename.fa,chr06,20724815,[A/G],SNP,2,genic,Muscadine,20.0
chr07_002110524,C,T,T,GAAGAATGAAAAATTTATTTGAAATTTAGAGCTAATACCCATGTATATCCCTGGAACCAGAATTTGTTGAAGTTCAGCACACAATTACCACTATAGCCAGTAAAAATGGCTCATCAAGTTGAGAAACTGCATCGATAAGAAGTGAAACCTCCTCCATCTGCCATCCAATGCCAATTTTGCCCAATTCAGCACGAAGAAGCAAGAAACAATTAATGGAATGTAGATGCATCTGAAGAATAACTTCAACTACCAAATGTTAACACTAAAATATCACCAGTGGTGCAGCTTTCTGGATAATGT[C/T]TATTGCTTCAAGCAATACCAATCTCTCTGTTTCTATGACCTCTTTTTCTCTATCCTCCAATTTAATAAAGCCAGCCACCCTCCTTTTCCCAGGGACACCACTATTGACATCCAAACTTTTGAGCTTATTTAAGTTCTGAAGTTCATCCTCTGTTCTTTTATTCATTGCATGTACAGTTTCAAACAATTTTCTCAGGACATCATCACTGAACAACCTCAAATCTTCCAATGAAAAAACTAAGCCACTAGCACCTGCTTTGAGCAGTTCTGATGCCTCAAAAAGTGATGTATCCTTTGCACG,PN40024_assembly_v2_upper_rename.fa,chr07,2110524,[C/T],SNP,2,genic,Muscadine,2.0
chr07_004883995,C,T,T,AATAAGAAAGAAAGTTTTTAACGCAATATAAATATATAGGTGTTTTTAATCATGTATATATATTTTAAAGTTATAAAAATTCCTTTTGAATTCCAAACAAGACGATATTTATACGATAAAAAAGTAAAGAAAAAGAAGATGTAGATAACTTTATCTTTTAAGTGGTCCTTAGGTTTCTTTTTATCATTGTATTTCCTTTTTGCTATACGTTTCCAGTTCTTAGCAGCCTCGATGCCTTGAGATAAGACAAAAAAACTTTGTACTAAGCCTGTGATTTGGAGGATTCTTTATGATATTATA[C/T]GGATGTAGTGGGTCTTATGTGGGGTGTTCTTTTTGGCTTGAATTTCTATATTGTTGGGTAGCTTTAGGCAGCCTTCCACACACCCACATTGATGCTCCATTCCTCCATTTCTCTAGCTGTAAGAGCTTTCTAGGCCTTTGCTTTTGAAATTGGAAAGGAATCCACTGCTCTTCCCTTTACGCCATTTTTCTGGCAGTAAGAGCTTTTTAGGCCCTTGCTTTTGAAATTTGGAACAAACCCATATCTCTTTCCTTCATTTTCTTTCTCGGATACTGCGGATAATCATAACAGATGGATTTT,PN40024_assembly_v2_upper_rename.fa,chr07,4883995,[C/T],SNP,3,nonGenic,Muscadine,4.0
chr07_026035309,T,C,C,ACAAACCATGTGATTTGAGAATGTATTGTATGTATATTCAAATGTTAATTTGTGCACTGTTTTATTTGACAGAATTTCGAATACAATATTGGTTTCTCCACTATGATACAGAAATTGAAGAAGTGGGTGTTATTGATTGCATTTTGCAAATGTTTCACAGGTTTCTTCTATACGGGAGAGCAGAACAGATGACAGGAGGTTTTCAATATTTACTGGCACAAAGAGGCTGCATTTAAGGGCAGAAACTCGGGAGGATCGGATGTTATGGATGGAGGCATTGCGGGCCATGAAGGAGCTGTT[T/C]CCTCGTGTGTCAAACAATGAGCTTATGGCTCCTTCTGAAAATGTTGTTGTCTCGACTGAGAAGCTGAGGCAACGGTTGTCAGAGGAGGGCATTTCCGAGTCTGCAATTCAGGACAGTGAGCAGATCATGAAGAGCGAGTTTACCAAGATGCATAGCCAACTTATGGTTCTCAAGCAAAGGCAGGTGATCCTTGTTGATGCATTGAGGCACTTAGAGGTAATTCAAATAGAACTCCGCGATAACTGTGCATATCATTTGCAATGAGTCTTTATTGATATTTTTTCTGTAGGAAATAGTCTT,PN40024_assembly_v2_upper_rename.fa,chr07,26035309,[T/C],SNP,2,genic,Muscadine,26.0
chr07_027038228,A,G,G,ATTGGTAAGCTCTAGCAGGATTACACACAGGGAAACTGTCATTCTCATGGTGCCACCGAGGAAGGATGCAGCTCCAAGGAGGGCAAAGAGTCCCGTATCAAGTTTAGATATAGATGCAAAGAGTCTCCCAACAAGACGACCATAGCAAGCTCCAGCTAGTATAACTGGAATGAAGAGACCGGAGGGGACAGCAATACCATACGTGATAATGCCAAGACAGTAGATGGCAGCAAAGAAGATGAAGAGGCTGGAAATACGAAATTCATGCCTAGTGCTGGTGCTGAATAGGTTGCGAATAGC[A/G]TCATCATTAGTATTCAGGAAGAGGGAAGCGAGGTCATTGTAGTAACCTGATTGGCACTGGAAGCGTTTAAAGTTGCCAGATTCTGTGGAGCAGGTCACAGCCAGATCAGCAGGGCAGGCTATACACTTTGAAAACCATGGCAGGCCAAAGGAGCAACAGGTTGTCAAGATGCAGATAGTAACAACAAGTAATATTTTGGAACGGGCACCTTTTCTGCAGCGATAGAACCAGTGGATATAGCAGAATTTAGTATCAGAGAAAAAGAAAAAACAACCCCGGCCAGTATCATTGATTACTGCC,PN40024_assembly_v2_upper_rename.fa,chr07,27038228,[A/G],SNP,2,genic,Muscadine,27.0
chr08_000782759,G,T,T,ATCTTATTTGTTTATTTGTTTTTACCACTTCTTAATTTTGGCTAACAATTTATTGAATATGGACATCATATGGTGTTCCTTGTTTTGTGTATCTCATTCCACTATTCTCTTGTAAAAAAAATAAAAATAAAAATCATTTCACTTTCCAGGAAAACAAAGTTTAGACCAAATCGGAGTTCTAGGGAACAACATCCTAAACACCAAATGGCTACCTGGATGATTTTTTCTGGTTTGCAATCTTGCTGGTGTTGATTTAATTTTCATTTTTCCAAAAATATGATGCTAGTGTTTTCTGGTTTT[G/T]GGTTATAGGAAGCCTCTCCTTCTCAGGTTGCATCAGCAGCTACCCTTTCTGTGGCGTTCATGGAAGCCCTTGGCACTTTGTTCCAGAATTTCAGCCATGACTACAAGTATGTTATTTTGGACCTTTGTGTTGTTTATGGTAGTGTATGGGACAGCCACAAGCGTATGCTGTCACTTAATTCTCCAGGTCCCAACTCCTTGGTGTCATAAAAACGATTCTTTGTTTTGCTTTGTTCAAACTCGTAGGTTGTCATAGAGTTACAAACTTAACTTTACTGTTTCCAGGTGACTGATTGGTTTT,PN40024_assembly_v2_upper_rename.fa,chr08,782759,[G/T],SNP,2,genic,Muscadine,0.0
chr08_010721882,T,C,C,CTCCAGATTGTTTTCTTGTATCCTGTGCCCTTCTCTGACTATTTCCCTTTCTGACCCATTTTCAACTGCTTGTTTATCCATCAAGTGAGATCTGATTCTCAAGTTATCATCCTGTTAAATGAAAGAAGTTCTGTCACAAAAACTCAATAAAATACTTCAAACAAGCAAGAAGAATGTTTACATTGGCAAGAGAAGCCCCCTCCTTTCTTACATTTTCTTTTAAAAGAAATAAAACTAAGGAAAAGAACTCACATCAACAGTCAACATAATAGATGAAGGATATTCAGGTTTAGAAACATC[T/C]GTCCTGTCATTTTGTGCAGCTATTAACTCTTTGATTATATCAATTTCTAACTCCTCAGAAGTCAGTTGAAGTTCCCAAGTTATCTGATAACAAACAGAAGTTGTCAGCACCTACCTAACAAAATTAAAACAAACAGCAGTTCAGTTGGATACATCATGAGCTACCATATCAAATGGGTGTCATGTTAGAACACTATGGCTAACTCAGTTAAAAGTTTTTGAGGTCTAAAAACAAGCAAAACACTTTTTTGTTGTTTCAATCAATATGCATATGCAGGAGACCACAGGACCTATACTACCA,PN40024_assembly_v2_upper_rename.fa,chr08,10721882,[T/C],SNP,3,nonGenic,Muscadine,10.0
chr08_014583412,G,A,A,AAAACTTTCAATTCATCAACTGGCCACTGGAACTTCTGAATCTCTCTCTTCAGCTTCTTCATCTCCCCGTCCTTCTTTTGCCGACCTATTTTTGAAGAAACCGCAGAGAGAAGAGCCGGATCCAAGTAATCTTCGAGCTTCTTGTTCTCCATTTCTCTCACTTTGGCTTCTTTCTTCGTCTGCAAATCCTCACGGCTTCTTACATCGTTCCTGTGAGAAACCGCAGGATTAAACAACGGCAACTGCGAATTGAAAATTGCAGCTGAATTGGATGAGATGTAAATAGAGTAGAGGACCGAA[G/A]TGAGGTAAGTGGCGGAGAGAGAAGATACGAAGGTCGGATGAGGCGCCGTTGGATCTCTTCTACGGTTGCCAGAGGACTCCAAGCTTCTCCTCTGCTTCGTTCCATTCAAGAGAGTCCCTCTCACAAGTCACAACAGCTCCCCAGTTCCCCAGATTTGTGTGGTTCCCTGGGCGGATGAGTTTACCAACCCAAGTAGATTTGGATTGGGCTTGGTTTTTATTACCACCAAACTGGGCCGATCGAAATACCTCCAGGGGAATGGGCTGGGCTCACCCAACTTCAAAGGAGCCCAAATCCCTC,PN40024_assembly_v2_upper_rename.fa,chr08,14583412,[G/A],SNP,2,genic,Muscadine,14.0
chr08_015791339,T,G,G,AATCAAACACATGGTTCAAACTTGATTAGTTCCGGCCCTGAGAGCATTCTTTTTCATGTTTTCTGCTCAAGGTGGTTTGGTTTGTGTACTGATTAGTTCTTGGACAGAAAATGATTTTTTGTTTTATCTTTTTCCTTTGATCTTCTGACATTACTAAACCATTCCTTTTTTTCATTTTGAATCTTAGGGAATTGCCTAACTGGAGGAGAATGCTTTCCTCTACTAGTAGATTGTTCATTAGTTACCCACAGGATTCGTACCTGTTAGCAAAGCTAACCAATTAAGTAGTATTAAAGTGAT[T/G]AGCAAATATTTTATTTAATTAAACAGAGCCATTGAGTTTGGCAAAGTGGGGGTTAAATCCTTGTGATTAATTCTGCATATTTTGAACGCAGCTTGACATCAGGATTGAGTCCCTTGCTTCAAATTTGATGTATATAGTGGAATAGCCCTAGCCCATTCATTCCATGTCCAAATTTGAATGTAAAAGAATCCAAAGCAATGGAACCTTCTGCTTGTATTGTTGCCCAACCTCCCTTCTCTTTTGAGCTCACCATTTTGGAGGGGTTTTCCAAAGAGAACTAGGATGAACTAGGCATATTTT,PN40024_assembly_v2_upper_rename.fa,chr08,15791339,[T/G],SNP,3,nonGenic,Muscadine,15.0
chr08_017274575,G,A,A,GCACTAGGGCTCCGAGCTGCAGCCCCAGGCTAAAATACCAATGTGTTTTTGAGTAATCAACATTCAATATCTGAGCAAAAGACATCAGTCTAAAATTAAATATGTGAGTGCTGCAAATTCAATTTTCATGCTGAATTTCAATTCCAAACTTCCAATTAAGACATCCCCTGTTAATTTCAAGCATACAGGGAGGTTCAGCATAAATATGTCAAGAGACTGACAGTCCAGTAATACTGACTTGACCCTTATTTGAGTGCCAAATATTCTTATTATGTTGGAAAACCAAGAGAAGAGAAAATG[G/A]ACATAATCTTCACCAATTCCAAAACATTTAACCAGTGCATATCAGTCCAAATGTTATACCTTCTTTCGACAGCTAAGATCTAACACAAGCCTCTGTTTCCCAACAAGATGGACAAGGTCTTTAAGCCTTTCAAGGTCCATTTGCCCATTGTTAAATACATACTGCATCAAAATTCAGAAGTATTAAAAGAAAAAAAAAGCGTCAGAAGTCTTCTAACAGAGGATACCCAAATTTGTAATATGTCATTCTCATGCACCCAAAAAGCAACTAAGGAAATCCAAAAACTTGGTCAGTGCAGGC,PN40024_assembly_v2_upper_rename.fa,chr08,17274575,[G/A],SNP,2,genic,Muscadine,17.0
chr08_017828995,C,T,T,ACCAATTGACCACATGAACGAGAAAAAGAAGCATCTGCACATGAATTAACCATTTCATTTTAAGAAACTAAATATATTATGTATATCACCAAAAATAGATAGATATTTTGATTGAAGTGCAGTATCAGATGATATATCATATTAAACTAACAGAAAAATCCACATTGTCAGATAGCTCTGAATTAATTTGAAATTTCAATAGGAATTCACACAAATAAGTTTGAGACCACATAAAAACCCTAGTATAGCTAGTTCAAAGTGTACAGAATATAGAGATCCAGCTCGAAAGCAACAGTGAAC[C/T]AGGGCAACAAGCCCCCCGGCGCCTGACAGAGAAAACCAGGGGAAGCAGCCTTAAAACATTAAATCATTCTCAGAACGAAAAAGAAAAATGCAAAATAAATAACAATTTTGCAATATGATTCTCAGGTGAAGAAGACATGCAGAGTCACTCGACAAGACAGCAATTATACGCCGGAAACAGTGCAACCCGTCAAAAGAAAAGGGTTTGAGAGTGTCGCAAAGAAGATTTAGAGAGAGAGAGAGAGAGAAAATTGAATACCTGCTGTTTGGAGATAGAAATCGCTCGTTAATTCACAAAGGA,PN40024_assembly_v2_upper_rename.fa,chr08,17828995,[C/T],SNP,2,genic,Muscadine,17.0
chr08_021512741,T,C,C,GAAATGCCTTTTTTCACATGGTTTCCAAGTACCACGGAGAACTTTTGCCTTGTGTTCTGTTATAATTTTTGGATGCTGACATGTTTCAGGTGTGACATGGAAGAAAAGAAGGATGAAGAAGATAGCACAATGAACGAGGGTGAAGCTGAGGTTGCTATATCCCACGCAAAAAGACTTGTCGATAGTGGAGTCCAAGCTTCTGATATTGGAATTATCACCCCTTACGCTGCGCAGGTACAACAGTTTCCTTACTTAATTTTAAATAAATCCATATTGGCTTGAGCTTTACAGACCATCAAA[T/C]ATTGTCTAGAATTAATTGCCACCAGATTAATTGGAGTCTGGGATCTAATTCAATTTTTACATGCTCATACCACAGAACTAGTTGTTAATTTATATTCCAACTATTGTAGGTTGTCTTGCTGAAGATGATGAAAAATAATGATGACAAGCTAAAGGACATGGAAATATCAACAGTTGATGGATTTCAGGGTCGAGAAAAGGAAGCCATTATCATTTCAATGGCCAGGTCAAACCCAAAGAAAGAGGTATTTCTAGCTTCTTTGATAATATTATTGTCAAAAATCTCAATCAGCATCATGGC,PN40024_assembly_v2_upper_rename.fa,chr08,21512741,[T/C],SNP,2,genic,Muscadine,21.0
chr08_021539790,A,G,G,TCTTGTAAAGAGAAGGCTTAGGATTATCAAAAACACCATTTCCATCTTATTCATGTTCCTTTTTGCAAGGATGAAAAGTTAGACATGTTAAATTATTTTTCATTTGACATTTTGTTTATCTTGCTTTCTTCTGTTTTTTTTTTTTTTTTTAAGATAAAAGCCCAGAAAAACATTATATATAAAGAAAAAAGGGCGCACAAAGGCATTTTGTTTATCTAGCTTTTGATGATAGGATATTGGAACTCCAATATCTTTCTGCAGAAAATCAGCTAAGAATTCAGATAAATTGTCGATTTTTCA[A/G]CAAAAATCAACATCCAAGGTGGCAGCTTAAATTTGACATTTTATCATGATAAATTCCTGATTTTTTGGTTATACATTGCCAAATTTTTCCAAAAAATTGGCAATCCTGAAAATTGTAAAACAAATCTTACTACACATGGAGTCAAACCTTAGCCTTCTGTAAGAGAAGGAATAACCTTTCACACCAGCTGAAGCTTTCACATGTAATCGTTTAGGAAGAATTTATCCTTAATTTCACCATGATCCAATAGTTGCTTTTCAAAAAACCAAAAAATCTCATTTTCCGTCATCTGTGAACATC,PN40024_assembly_v2_upper_rename.fa,chr08,21539790,[A/G],SNP,2,genic,Muscadine,21.0
chr09_004054211,A,G,G,GAAAGCCCTTTATCGCTCTCTCAATAAGGGTGGTGTTTCTATGCTCGAAAGCCCCACTGGTGAGGCTCACTCACACTCTCTGTTTGGTTTCTGAGAAAAAGGAGGGTAAGAAGTGGGAAAATGATTTTTGTATGAGATTTTTGGGTGTGTGAAATTGTAAGTAGTTAAATATTTTGAGATTTAGGATTTTGTTTTACTGCGTCTTCGATGATTCTGGGTTGCTTAATTTGAATCATTTTAGCATCTCTCACATAAAGTTAATATGGTGTTCGAGAGATATCGTGTATAGTCTGCTTGATT[A/G]GTGAGAAAACAGAGGAATTCAAATGAGAAATTCGGATTCAACTAAGATAAGTAACTGTTTTAGGCTTAAATTAAGGGGAAAATTTTCTTTTTCCAGAACCTAAAATTGGAAATTCAAGAAGTGGGATTTTGCTATATTTTCTTTTTTACATGTTCTTAGGCTTAATGGTTTTTGTTGGCTTAATTTGGAATCCCTTGTCGCTACAGGGACTGGCAAAACTCTGAGTATAATTTGCAGTGCTCTGCAATGGCTTGTTGACAGGAAGCAACAACTCAAATCTGAAGCCAATCAGACTCAAAC,PN40024_assembly_v2_upper_rename.fa,chr09,4054211,[A/G],SNP,2,genic,Muscadine,4.0
chr09_008751479,A,C,C,ATTGAAAGGTGTTTTTCGAGAGCTTTACCATCGCAACTCTTCTCATTCTTTTTATTAGTGAATTGTTGAGTGTTGATACACTCCATGGATGTAAGGATCACGATGATTATCAAACCATGTTAAAAATCTTGTCTTCGTTCTTTATTTTCTGCTGGTGTGTTCGTGGTTTGGTTACCAGTTCATTCCCAAAAGCAACTCTTATCCTCTGTTTGGTTGAAAAAAAACCAAAGCTGGAAATGAAAATAAGAAATTTCACCAAACTGAGCCAAACACAAACTAATCAAGGTAGGGTTTTTATTA[A/C]GACTGTAATTCTTTCTTCTTTTGTTTATTTCCCTCGATTTTCCCATGAGCCAAACGGAGGGCAACTCTCAAAGAGCAGCAATACCAAAATACTCTTATATTCAAAGAACCACCCATGAACAAAAACATTCCCACAATCCAATAACAGCACAGAAGAAACTCCAAATCACAAGAAAGAAATACATAGAAAAAGATTAAGGGTGAGCATTTACCAACAAGAGAAGCCAAACAACAGATTTGTGAGCGACCAAGGTAGTCTCCACCACCACTGCTTCCACCAAAGAGCACAAAACCCTATCCA,PN40024_assembly_v2_upper_rename.fa,chr09,8751479,[A/C],SNP,2,genic,Muscadine,8.0
chr10_002225181,A,T,T,TTTCCAGAGAGAGAGAGAGAGAGATCATAGATTGCAGAACTGCAGTAATTACACAATTCTCAGTTTGGAAGCCCACATTTTCTAAGAAAAAAAGTAAGGTTTGCATAGATACAAAAGAACATCTCTAGCCTGTAAAGAGAGGATGTCTACCAAGAGCAGAGAATGCACAAGTTCTCATTAGAAGACTAGTCCCCACATCACATCTTCCAGGGCCCATAACCTATGAAAAACCTGCACCCATTTGCAGGTAGAGGAACAAAATGTTACATTATGACTTTTGTGCTTGCAGCTATATATGCC[A/T]AACCCATCTCAGAAAGCAAAATGAAGAATCTTACCAGGGGATCTCTCTGGGTTGGAGCTTTGGTTCGAGTGTTTAAGCTCAGCTAGTCCCCGCAATACATCTTTGAGGGGTTCCCTGAGCGTGCTCCACTTGGGCTAGAAGATAGAATGATCAAGTCATAAATCTTGGAGAAATGAAGAATAATCAACAGACTTCAATGTTTCTCTGTTTCCCCCATTTTTTCCCTGGTCTCTCCCCACTTTGCATTAAAATGAACATGTTTGACACTACGAATAGGCCAGAAGAAAAGGAGAGGGAACT,PN40024_assembly_v2_upper_rename.fa,chr10,2225181,[A/T],SNP,2,genic,Muscadine,2.0
chr10_003075440,T,C,C,AAAGATTGCAAGTTGTCATTCTGCTGAAAATTTTTAGGATTCATGTGAGCAAAAACTAGAAGCAAAATAGTGTAGGGATGCAAATTAATCTCCTTTGTTTCTGAAGCGGTGCCTGAATGTGACCAGGCACCAGAAATTGAGATGAGCAGAACTCTTATTGAACAAATTATTTCTGTGAATTTGAGTACAACAGGTGCAAAGACAGCTTCAGTTGCGAATAGAAGCCCAAGGAAAGTACTTGAAGAAGATAATAGAAGAGCAACAGCGACTCAGTGGGGTTATTACAGAAGTGCCTGGTTC[T/C]GGGGTTTCTGTCCCAGTATCAGGTGACAACTGTCTAGAATCCGACAAGACTGACCCAGCAACTCCTGCACCAACCTCGGAGGGGCCCCTCCTAGATAAGGCTGCGAAGGAAACTGCTCCAGCCAAGAGTCTTTCAATAGATGAATCTTTTTCATCCCATCATGAGCCACTGACACCAGATTCCGGTTGCCATGTCAATTCCCCTGATGAGAGCCCAAAAGGTGAGAGATCAGTGAAGAAGCAGCGGGTGAGCATAGGTGCAGCATATGCCAAACAAGAGATGGTTCTTACGCACCAGATA,PN40024_assembly_v2_upper_rename.fa,chr10,3075440,[T/C],SNP,2,genic,Muscadine,3.0
chr10_004243527,C,T,T,AAACAAAATTTTCGTCTGAAAATGAAAACTCTATCAAGCTCATCCAGATGATCGAAAAGGGACTAGTTGAGTATAGTTTGTTTCCTCAGGTTCCCCATGCTGAAAATCTAGGAATTTTATTTTTTTAAAGAGAAAAAAGTACAAAATTTTCGTCTTCAGAAATTCATCTTCAGCTAGTGGAGGTTTCAGTTTTCCAAAACTGATGAATAACCCAATTCCCCAGCAACCAAACGGACCACCAAGATCCAAAAGCCAGATTCCTTCTTCCTTTCCTACATTTTCTCAGCAACCAGAGAATAA[C/T]ATTTTCCAAGGAAAATAAAATTCAGTGGAACGCTGCTCCAAATGAATCGCAATCAGATCCACATACAAATAGCTTTTCAGTTTCAGAAACAGCTGAGGAGCTCAAACACAAACAACCAAAAAAAAAAAAAAACCTAGAATTTGCTCAAATTAGCAAAACACATAGCTAGTTCCCAACCAAACCCTTTCCACCAAAACCAAAAAAGGATACGCAGCTTATATCCGCGCTTGGCCATTTCCGACAAAGCCGAGCTCCCCCGACACCAGAGCTGAAAAAGACGAGATCGGAGCAGTGAAGGAC,PN40024_assembly_v2_upper_rename.fa,chr10,4243527,[C/T],SNP,2,genic,Muscadine,4.0
chr10_005438083,C,A,A,ACAAAGTTTTATCTCAAAATGAGGTTTATACTTAAGTGGATGTTTCATTGCCTAGTGCCTTATTGTCTATATGCGTCCCAATTTCCATGGGGACACTTCCATGACCTCCTTGGCATCATGTTTTGAGCCTAGTAAATGCTTTGAGGCTTTGACTAAACTTGTCCCTCTCACTATAGCTTACAATAAATCATGTATGGCTTCAAACCGTTACATGGAACAAGAATGGCTATGTGCATAATTAGGGGCTACTAATATTGCTGTTTTGAACCTTTTGGCTGCAGTTACCCCAAATGGTTATGA[C/A]ACTTTGTTTGGAGTACCAAGGCAGTAATTTAATAACAAAAGTAAAATAATTAAATCAACTTCAGCCAATTTTTAACTTGCCTGAATGAACAACCCTTTCCTCCTCTTGATGCTTGAATACCTTGGAACCAGTTGTTTCTAGTTTTTTTCATCTCCTCCTTAATCAGTAGTGTTTGTGGAACTGAAGCTTAGGATGAATACCTTAGTATGAATATTTGTCCACTGAAGCTTTTGTTCAAGTTGTCATGCAGTTCAAATGCAACACATGATTTTCACTGGTCTTGAAGATTACAAGGCAAGA,PN40024_assembly_v2_upper_rename.fa,chr10,5438083,[C/A],SNP,2,genic,Muscadine,5.0
chr10_006599280,A,G,G,TTTAATTAAAGATGGCCAGAAAAAAGAATATCAAGTTTCAATGCAACAAGTTCAACTAAGCAAGAATGCATATGATGGCATGGAAATTAAAGAGGGGAATTGTGGGAGCTATATGTAGAACCAATGGAATGGATTTGACTGATTTGGTCATAAAATCATCTCTACGATAATGAGACAGGTCTCCCTGATAAATGTTTTGGTGGGCAACATCTCATTGGAATCAGATTGTGCTCTCCTCCAGCAGCCTCCTGCAACCTCTCTGAAAATTGGAATTGACAAGATTATATCAGTTGCAGTCTG[A/G]CAGTTGATCATGAGGATTCAATTCCTGTAAGGTATTCTTTGACATTTCTACTCACGAAAAATCAGATGTCAGATCTCTACAATGAAGTAGGATAATATTGTTTTCTTTCTTTTCTTTTCCTTCTTTTTTCCTGAATATCCCAAAGTATGCGTTTCTTCTCTAGCTATCCATGAAAAATGGATCCTGGCCCGACACAGGATTGTTTGCCTTCAGTGGGTTTTGTACTAAAAAACTTTCTCGGTTATTCTTTTGAATGCGGCTGCTCTTAACCAGTGTGGAGATGTATCATGAACACGTATC,PN40024_assembly_v2_upper_rename.fa,chr10,6599280,[A/G],SNP,2,genic,Muscadine,6.0
chr10_006927252,A,C,C,AGGGACAACAAGAATTCCTTACAGAGGAGTTTATGGCCCTCTCATATCAGCTATTTCTGTGTATCCCAGTAAGTGATTAAGGTGTTTTTTATTCTTTGTTTTGTAGTTATATCCACATTATCAGAATGTAGGTGGCATGTGGATGACCCAAAGACACAGTTGCCCATTTTTGGGAATATATCTGATCCTGTGTTTTTGGAACAAGGCAGCACCATACTCCCACACAAAAGATCAAGGCTCAAGGTGCATTGGAACCTCTGTTAAGGGTGTTTAGTTCTCACATCATTGTCACTCATTTCA[A/C]ATTTGCTTACCTAGTTCAAATATTAATGAAGTCTAGATGCTTGGATTAAAGATGAGGATACTCCAACAGACCTGCGTTCCATAATCCATACCCATACTACAAATGCTACTCTTGCTGTTGCTTGAAGTAGCTTGTTTCACTATCATTATGATGAGAACAAAGTGACTTAACTTTTTTCCTTTCTCTAATGTAACCAGCATGGTGATGAGAAGATTCCTAATTTTTACTGCCTAGGAAAGGAAAGGGATAAAGACCAATGCATCCAAATTAAAACTATACAAAATAACTTTTAATTGCTAA,PN40024_assembly_v2_upper_rename.fa,chr10,6927252,[A/C],SNP,2,genic,Muscadine,6.0
chr10_008573223,C,T,T,ACAGTTATACTTATACCTTTATGCCATTTCTAGATTTACATGAATCATCCGTTTTATTTAATGGATCCTTGGCTTAGTATTTACAGTTATGTTGGGATCTTGCTTTAAGGGTTCAGGATGGCTGAAGCTCTGTGATTGAGATGGGTCAGGAGGGTTAGTTAAGTCACTTTTCATGTTATTGTTTACAGCTACTAGATCGGAAAACGGAAAGCAACTGGAATATACTAAGTATTAGCACACAAAATTCAGAATGAAATCTCCATTAATTAGACAGATTTACATCACAAGCAACCGACTATG[C/T]AAGCCAACTCCCTCTTTTCACACTCACTTTCCGGGAACAAAGTTTGTGGCATATGCCCAGGCGTTGTTGTTGACTGGGTCGGCAAGGTGGTCAGCAAGGTTTTCCAAGGGCCCCTTTCCGGTCACGATGGCCTGAACGAAGAACCCGAACATGGAGAACATGGCCAGTCTCCCATTCTTGATCTCCTTCACCTTCAGCTCAGCGAAAGCCTCTGGGTCATCCGCAAGCCCCAATGGGTCGAAGCTGCCACCGGGGTACAGTGGGTCGGTCACCTCACCAAGTGGCCCACCGGCAATGCGG,PN40024_assembly_v2_upper_rename.fa,chr10,8573223,[C/T],SNP,2,genic,Muscadine,8.0
chr10_015342599,G,A,A,ATTTGTGGGTTCTTGAAATGCTTGGCCATCTAGTTGGAGTTGGGCATCATGCCATAGTACTGCAATACTTCAAAATGGGAGGAGGTATGGAGATGGCAATATAGTGTATGAATGCAGAGGTGAAAACTCTCTGATCAAAAAAGAAAGAAAAAAATGCAGAGGTAAAAACCCTTGGTGGCATTTTTCCATGGTCTGAAACTATATGCTTGCTAAGGTTGTGGAGTATGACTAAACAGATTCCATGATATTGTCTCATTGAGAAAAATTTTAAACATAAATGCTGCACAGAAACTTTCAGTA[G/A]TTAAATATTTGGGAAACACTACAAAAAGGGGCACTTATGGGATTACCAAGATCTCTCTCTTCAGTTCTTGCATCTTCCAAGCACATTCCTCACCTATTTGTGGGCCCTGCATATGGGTGTTCTTCAAAATCCCAATGCCAAAATGCCTCTGAGGGTTAGAGGTTTGCACTCTTTTAGCAAGACCGGTCTTGTTCTTTAATTTCACTAATGATCATTGGTTTATGTGAGGGCAGCTCACACTAAGCACGTGAAGACAGACTCTTTGTAGCCATACTTTAAATATGATATGCAATTTGTATT,PN40024_assembly_v2_upper_rename.fa,chr10,15342599,[G/A],SNP,3,nonGenic,Muscadine,15.0
chr10_022554396,G,A,A,AAAGTCTCATTTAAAGAAAAATAATAATATTTAAGATAAACAATGCAAAGGTGGTTAGGATAAAGACTTACCTAGAAAATATCTGTCATTTTTTCTCATGAAATCATAATGAAAATGAACAAGTAGCATGAATTGACAAAATACAGATCCCATCAAATAAATATAAAATACTAACCTTTTGGCAGCAACAACATCAGCCTCATCAAAGAAGATTATGCTTGGTGCTGCAAGGCGGGCCCTCTGAAATGTATTACGCAACAAAACTTCCCCTTCCCCCACATACATTGAATATAATTCTGC[G/A]CCACTGGTTAATATTTTTTGTTAATTATCAAGAAATGCAACTGTAGCAACCAAGATTCACATAATTATGAAGCTAAAACATTCATAAACTAGTTTAAATCCCCTAAATTATCATGAGAATATTGGACTCTACTTTTCATGATGAGAACTTAAGGTGGCAGCTTGGAGTGGAGAGGAACAAAAGGAGAAGAGAAAGAAGTAAGACTGAGAGAGAAGAGGAAGCATACCTGTCGGGATGAACAAGAGAAGAGGAAAAGTGCACCTGCTGAGGCAAGGAAGAGGAGCACATGCTTCCATTGGA,PN40024_assembly_v2_upper_rename.fa,chr10,22554396,[G/A],SNP,2,genic,Muscadine,22.0
chr11_001146384,T,C,C,GGATATAAATCTCAAGCCATTATATATCCATGGCCATTCTATAAACCCTAATATGTTTGAGATTCCAAGCCCCTTTCTGCCACCACCACCACCTCCGCCGGTCAAACACCAGCTGCCCATGTTGTACTACGGCCTCATCGTGGTCGGCACTGCCGCTTTTGTGCTTGCTCTGTACAATCTTATTGTGATCAGATGGTGCAGCAACAACCGGAGTAGATCACGGAGGAGAGAACATCATTTCTTTGATCCCAGACCGAGTCAGAGTTTTGAGAACATGAATTTGGGATTGGTGTCGAGTTT[T/C]AAGTACAGGAAAGAGGGGGTGGCTCAGGAGCAAGCGGCGGAGTATGAATGTGCGGTTTGTTTATCGGTTTTTGAGGAGGGGGAAGATGTTAGGAAGCTGCCAAAGTGTAAGCACTCCTTTCATGCTCCTTGTATAGATATGTGGCTCTACTCCCACTCTGATTGCCCACTCTGTCGCGCGAGGGTGGAGCCTGCTGTTGTTCATTGCCAGGCTGAGGCTGAGGCTGAGGCTGTGACTCAACCGGAGAATCCGAGAGGTGGGTTGAGAGATTCAGGCGAGTCAGTTTGAGATTGTTTGCTT,PN40024_assembly_v2_upper_rename.fa,chr11,1146384,[T/C],SNP,2,genic,Muscadine,1.0
chr11_004375835,A,T,T,TTCTCAGCAACCAAATAAAACAATATGGGTTTGTTTGAATTTTGATTTAATTCCTTTTGGGTTTGTGATTTGATAGATACACGAGGAAGCTAAGAAGTTCTCTTATAAAACCGGTTTGAAGGTGGTAGTAGCTTATGGAGGAGCACCAATATCTCAGCAGGTTTGCAAATTCCTAGTATATCATTATTTTAATATTTGAATATTTGGAATAGAACCCTTACTTGTTGTTTTCACGATCATACTCCAATGGGGAATAACGGTTTCTGGTATTTATAGACCACTGCTTTGGAGTGTGGCTTA[A/T]ATATATATTGTGTGTGCGAGCTCGGGGCGCTTGTTTTGGGCCTTGTCTCAGTAGGTGCTTGCTATTAGCTGCAAAACATTCTATTATGATCTATTTTGTTGCTCAAAGATGGGTGGAAAAGTTTGAAAACTTGGAACCTTAGGTGGATGTTGTAGGATTCTGGATTTCTTATCTTTTCTGTCAAACAGAACACCAATGAAGAAGAGAAACATGAGCAGACAGTCTGGTGAGATTCTTGATCATATAGGCCATGGGAGTCACATTGTATTCTGGTTTTCACCCCTTACCGAATTTTGATTC,PN40024_assembly_v2_upper_rename.fa,chr11,4375835,[A/T],SNP,2,genic,Muscadine,4.0
chr11_005925996,A,G,G,ATGCATCTTTTAATTAGAGAAAAAAAAAAAGAACATTAACAACATAAAACAAAACTTGACAATAAAAGAGGGACTGATAAAACATATGAATGGTTTTCAGAGAATGGTGAAAAGAGACAAGATTGCCAAACGCTAGTAAATTAAGAAAAATTATTTCCAGAACTATTTATTGCCATTCAAACAGAAAATGACAAGACAGAAAAAGAAAAACATGAGTGGGAAAAGCTTTTTGAATACTCTTGCATCACATCTAAATATGTTTGGATGCTGCCTTTTTTGATGCGTCGAGCAGGAGGAATT[A/G]TGCACGGACCATACCACTAGTCCTTCGAATGGTAAAGTCGCATAGCTTAATAAAAACCAATCCACTGATATAGAGATAAAATCAGTACCAAATCAAACTGAAAGTGATGTCCTGCCACAGAATCTTTTGCCTAAGAGACCAAAAAAAATTTGGGTTTCTATAACGGAATAACGTTCAAAGATTTCCACCACATCTTCTCTAACTGAATCCTTAAAAACCTACAGCCATCTCAATCTCATACCAACCCTGCAAGATACCTTCAGAAATGGCGCAACCCTTTCCAAATTCCACTTAAAGCTT,PN40024_assembly_v2_upper_rename.fa,chr11,5925996,[A/G],SNP,2,genic,Muscadine,5.0
chr11_010241613,C,G,G,CCTACAATTTGGATCATCTATCTACATATCCACACGCCAAAGCACTGGCATCCTTCAAAGAGAAGTTACAAATTGCTGTGGCAATGATTCTGGAAGTGACAACAGTAATAACAGTGTGTATATAGATAGACAGATAGTTCAAAAGGTATTGACAGTACCTATAATGGTGTTGGGGTGGTAATTATCATACTGGTTGTAGTACCAATATCCTGGAGTAGTGATGGCAACAGTGGAGGCGAGTTTTAAGAGTTTGTGACCATGGTGGTCATAGTGGAGGCAGCAATTTTTGGTGGCCTGAGA[C/G]TTCTGATCATGAACTATATTTCGAATTTGTGGGAAGAAGCTAAGGATGTTTATAAAACCTAGTAAGCTTTGACCCCACTTTATCTTTTTTGGTCCATCTGACGTTGAATTCCAAATGTTTTAAGTTAGAAAGCATAACCTTTTTTGAAAGCATGGAAATCCTCTTTGTTGTTCTTTACAAGCTTCTTGCTTTCTATGATGTCTAGATTTTAGCATTGTTTTTGCTGGTCAATATTAGTTCAAAATACATAATTCTGATTTTCCATCCTGTCTTTGATAGATTTGTATTTATAACAAGAGC,PN40024_assembly_v2_upper_rename.fa,chr11,10241613,[C/G],SNP,2,genic,Muscadine,10.0
chr11_013234950,T,A,A,CCAGTTTCCAGTGAACTATGGTAGCTATTTTGGTTGTCTTAACCTCATGTTGTGAAATTGTTAAATTATTTGTATATATTGCATATCAGCCTTGCAATATCAAATATATATGATTAAAGAAATAGAAAAGATGTGAATTGATGACAAAACGAATGAAAAATGGAACCCCAGTCGTCCTTCTCCTTGAGTTTTGTCTGAACTTGAGAAACTTTTGGTGTGTGGAAGTGAGTCTGGGGAAAAATTACTTCTGTTCGAATAGTTTTGTTATTATTTTGAAGGGAGAAATGTTAAAGTGAGTAT[T/A]GTGAAGTGGCTGCCTTAAAACTTGGTGGCATCAGCTTCTGGGACTGAAATTAGCCTTAAGTTGGTTCAAGTTATGAGACTGGAAATACTATAGGAATATTTTAAATGTTTATTGGAAGGTATTGAAGTTGTTTCAAACCATATTCGTAATATTGACATCAAACAGCTAGCCTGTGTATCACTTAACTAAATTGGGTACCTTAAGAGTTCTTTAGCAAAAGAAAAATTGATTGATATTCAAAGTTTGGATCATAAATGCTATTTAGATATGTTTTCTTTTTCCTTTTTCTTTTTTAGACCA,PN40024_assembly_v2_upper_rename.fa,chr11,13234950,[T/A],SNP,2,genic,Muscadine,13.0
chr11_019470619,T,A,A,TGTTGACTAAAAAGACCTCTTCAAATGCATTTTTCTTTTGTTTATCAAGGAAGATTCATAGAGATTTGATGTGGGTCAATCATTATTTATTCATAGAGGAAATTCAAGCCTGCCTCTAATTATCAGCTCTCAAACAACATGTTGATGAAGAAGCACTTTTACAAGATCTCCCTTATGGGAATGCTGATGGTGCATTCATTTAGGGTCAGCCTGGCTATTTCTTCCTCAAACGTCACTGATATATCTGCTCTACTTGCCTTTAAATCAGAGATTGTGGGAAGTAACTGGACTGAAACTGAA[T/A]ACTTCTGTAACTGGGTTGGAGTAACTTGCAGCCATAGAAGACAGCGAGTAACAGGTTTGCGCCTTGGAGGCATGGGTCTCCAAGGCACCATCTCTCCTTATGTTGGTAACCTTTCCTTCCTTGTTAGGCTTGATCTCTCTAACAACAGTTTTCATGGCCATCTGATACCTGAAATAGGTCATTTGCGTCGCTTGGAAGTGCTCATATTAGAAGGGAACCTGTTGGAAGGAGCGATCCCTGCAAGTATACATCACTGCCAAAAGCTTAAAGTCATCTCTCTTTCAAAGAATGGATTTGTTG,PN40024_assembly_v2_upper_rename.fa,chr11,19470619,[T/A],SNP,2,genic,Muscadine,19.0
chr12_001439417,A,T,T,GGGTGGTAGTTTTGTGCTTCAACCTCTAGCCACTGCTCCACAGTACCCCTTTCCTCTATTGTCTTCCCAAGCAAATCAGTTCCTTGAGACTTGTACTTCTCTGCATAGTACCTTATGATAGCTCTTGATTCTGCAAATCAAATTAAGAGCCATCCATCAATGGTTTATTTTTCTGATTTTAGTTACATAATATGAAGAAATTTTGCAATCCTTGACATAATTTTTCCTAGAAAATTTCCAACCAAAGAAAACAAACCTAAATACGAAAGGATCACAAAAATTTTACAAAGGGATTTACCA[A/T]ATAAAGTATAATCTCCATCTTGAATGACAGGAACCACTCCAAAAGGCTGCAGTTCATCAGAGAAAAGCAATGGAAACTATAAGCAGATCCTCTGATAGATATAGTTGAATTTGAAACATCAAGGGTGATCCAAAAAAGGGTTGTAAGTTTAATTTTGAAAAACTCCTCTTCATCTTCTCTCAATTTATAATCCTACCTTTTAAAACCAGAAAATGGGCAGTATCAAGAAATTCAGCTTTCTGGGTAACTTTAAAATCAAAATTCCTCCTTTTTCTTGTTCTTTTTCCAAAGACTTTACTG,PN40024_assembly_v2_upper_rename.fa,chr12,1439417,[A/T],SNP,2,genic,Muscadine,1.0
chr12_003219520,C,T,T,GAAGGATATGGGAAGACGACTAGACATTAGCAAGCTAGTTTTCCTACAAAGGTGCCCTAGAGCTCATCATAAAATGGAAATGATTCTGTCCTATACATTGAAACTATCCAATTCAGAATCTCATTCTCCAAAATCTCCGGTTCTCCACCTGAGACTCTTCATGCAGGCTAATTTCATTCTCTCCAACCTTCTCACCTTTCACTTTGGCCAACACATTCTTGACAGGTGTTTTATCCCTCTAGAAGGCTGCTTAACTGTAGACTCATAAGAAAAAAGCATTATATAAACTAAATAGAATAG[C/T]AGACAAGATATGCTCAAAAAAGGGTATTTGTTCTCATCCAAGGATAAAAGTATCAGTTTTGACAAATATATTGATAACTCGGTTTTATGGATATATTGGAATATGTCAAGAAATATCAGTGGATATTCTGACACAAAATATCAGTAGGAAAAAAATTGTTCAAAAATCATAAATTTGGGAAAACTCCAAGAAAATTATAGAAGAAACAATAATATATGTATTAAAGTTGTTTTAATGAAAAAATTGATATACATGTATGATAAATTTGTAACATTAGGTAACTTATCAAAAAAAAATTTG,PN40024_assembly_v2_upper_rename.fa,chr12,3219520,[C/T],SNP,2,genic,Muscadine,3.0
chr12_006834817,C,A,A,GGTAGGTTCCCAGTTCCAAGTTCCAAGCTCCAAGCTCCAAGCCTCCCTTTTTAGGCTGTCCTACCAGCTGCAGTGCCTGATGCATCTAGATGCATACTGCATATACACATACACCGGTGGGCAACAAGGCCAGTCATGGCCTGCTAGAGTTTTCCCCTACCATCGTCTTCTTCCTCTTTCACTTTTCAGTGAAATACAAAAATCCTCCATTGTTCGAGATGGATTGTTTTATAGTGAATACTTCATGGCCACATAAACTTAAGCTGAAATGGACTGTATTCAATGGAAGACTGGTTCCCC[C/A]GCAATCAGTTAGAAGGGAGTTGGCAGACAGACACAACAATATTTTTCCACCTTGCAATGCTGTGGTGCAGCAGTCACGGATTTTTTTAGCAGCAACCCTACTAGAACTACATCAAACAGTATGCCTCTGTCAACTTTTTCTCAAGGAAAATAAAATTTTCAAACCCCCAGTTGGCCGGTCAGCTATATCTACAAAGTTTAGGAGACCAGGTTGATGATGATGCGTAGTGATTACAAGCGTTCTGATGTATAAAAGTCAAGGCAGCAACCCCTTTTGAAGGGGGTTCCAAGGAAGACGCCA,PN40024_assembly_v2_upper_rename.fa,chr12,6834817,[C/A],SNP,3,nonGenic,Muscadine,6.0
chr12_009234574,G,A,A,GACAACCAACAATCCAAAGAAGAAAAGAAACAGAAAAAAGAAAAGTCACATAATCTTGAGAGAAATGATCAAAACCCAGAAACCCAACAACTGAAAGGAAAAAAGGGGGGGAAAAAGAGTTCCTTTGTTAGTGTCGATGTCACAGAATCTTACGGAGGATCAGAAGCTAAAATCCTAACAACCCAAAGTGAAAAAAGTGGGAAAAAAAGGGAAAAAGGAGTTGGGTGTAATAATAATACTATGAACAAAGGTCTGAGGAGAGTAGCATACAGAGTGAGAGAGAGTGGAAGAATCAGGTTA[G/A]AAAGGCAGTCTGGTGTAGAGATGGGGTGGGTGATGAAGAAGGGGGGGCATATGAAGATTCGCTGCTTTTAACGAGAACCCTTTTCTTGGAAATGAAAGAGAGATGTGGGGAAGCACGCTTGTAAGTTGTAATCCCATGTTCATGTGAAAGCTTTTTGATGAGATATTGCTGTGTGAGGGGTATGGACCACAGCTGAAAGAGCCTCAATATTGTGTTTGTGGTCCTTTGTCTTTTGCTCTGATGCCTCACACTAATCTTCTTCATCTGTCTCTCCCCCATCTCCAACTACTGCTAGTCCTA,PN40024_assembly_v2_upper_rename.fa,chr12,9234574,[G/A],SNP,2,genic,Muscadine,9.0
chr12_015217877,T,A,A,CAGTGATTGTAAGCGTCGTGTCCATAAAGATTGTGTTGCCAAGTATAAGGGTTCCGCGCCTTGGTCCTATTGCCCGTGTTTGGAGTCTGTTTGTTTGGATTGTTGGCTTCCAAGTTCGATGCCCAATCCTGGTTCGAGGAGTACTAATGGTGGGAATGGGAATTTTCAGGAGAAAATTGGGAGTGGTAGGGTTTTGGGTGTGAGTCGTAATAGGATTTTGGATAAGGTTTCGAGGACGGAGAGTTTGGAGGATGTAGTGAAGGATGTAAATTGCGAGGTGGAGAAAAAGTTCGTGGTAGC[T/A]GCTAGGGCCAAGGAGAAGGCTTTGAGGAAGGTGGTGTTAGCTAAGAGTGCCGTAGAGTTGGCTACTGGTGCTTTGGATTCGGTTGTTAGGAAGGATGAAAACACTAGGAAGGCAGGTTCTGAGGGCCCTTTCATGGATGATGCGGAATTGGCTTTTCGGTTGCATCGAGCTATGAATAGTTCACCCAGGATTTCAAAAAACTTCTGCTCAGTGAATTCTGTTTCTTCAGCTGTCCCAAAGGCTGTGAACTGTGACATTGATTTCTTGGGTTCCTTGGGTAGAGAGGGTAGTGTGTGTGGG,PN40024_assembly_v2_upper_rename.fa,chr12,15217877,[T/A],SNP,3,nonGenic,Muscadine,15.0
chr12_020089897,T,A,A,AGTCATATCTAAATCAAATCAGAGAGACTATGGGAAGAGTACATGGTTGTTGGTCAAGTGTAGCTATCAAGACATAATATTTGAAGTCATAGTTTCCTATGGAAGGTTGTTCTAATCCTAATCTTCTCAGGGTGTTACAAGGGACAAGAGACCATCTCTAGACTCATAACATATGATGGTGTCAAGCAGAGACTTTGGGGAATAAGCCTTTCAGGACCAGCAGAACCAGGCAGCCCTATTACAGCCGACGGGAAAAAGGTATGCATCATATCCTTGTTTAATTTGGAAAATTACTAAAAT[T/A]GCTGGTGATTTAAAAGCTTTGCTCTCTGACTGAAAATGCATCATTTGACCCATTTTGTTTTGTGCATTATTGTCCCACACTTGTTTTCTTTCTTCCTTATATTTTTAATTTTTTTTAAGCCTTAAAAATTCATGGCAATGTTTAACAATGCTTGGCCTTCATAGGTGGGGAAGCTAACTAGCTATGCATGTGGAAGAACAGAATCTGAACATTTTGGATTAGGCTATATCAAGAGGCAAGCTGCTTCAAATGGCAACACTGTGATTGTTGGAGATAACATTGCTGGCACAGTGGTGGAAG,PN40024_assembly_v2_upper_rename.fa,chr12,20089897,[T/A],SNP,2,genic,Muscadine,20.0
chr12_024101710,C,G,G,TGTTAACAAAACCCCAAAAAGATACAAAGACCAGTGGAGGAAGAAAATGCCTTAGCTCCAGGAAGAGGTGCTAGACGGTCCAAATATGCTACACAAGGAGACAAAATGGATACTAAAATGCTCACATATTTTTCTTAAATGGAATATATAGAAGACCTAATTGATCTTCGTTTTTTCAGCCTAATTTTGATCTCTACTACAAACTATTGTTTTCATGATTATGATACTGCAAAATCTCAACATCCACTGTCCATCAAATTGTATTGTGGCTACATAATGATTTTTGGCCTAGTTTGTTTA[C/G]TTGATTAAACAAGCCTGTTGTCCTATTTGTGTTATCTTCCTCCTGTTCCTTCATAAAGCATCTAGAATTTAAATATCAGAAACATTAGAGAAGTGTGTATGGGAAGTGAGAAAATTGCTAAAAGCTAGATTGTTTTTGCTTAATTGTTTTGAGCAGATACTAGAGTGGAAAGAGATCGGTGTTGCTAATCTTGCAGGAGTTATCAGCCTTATAGCTGGTTTATTAATGTGGGTGACATCTCTTTCTCCAGTGAGAAAGCAATACTTTGAGTTGTTCTTCTACACCCATCAACTATATGTA,PN40024_assembly_v2_upper_rename.fa,chr12,24101710,[C/G],SNP,2,genic,Muscadine,24.0
chr12_024149144,T,C,C,ATTTCTTTATGAAAAGGTTTACATCCATAAATGAAGTAGCTCCGAGACATTCACATTTGCATGTTGATCAAATAAAATTGGAATTATTGTTTGCAAGAGTCAAAAACTCATGGCTGGTTCATTGCTGATATGCTTTATGTTTTTTTCTTAATTAGGTGCTCCTAAGCCGTTTGAGATTGTTCTTGAGCCCTGGGTATCCATATGAAGAAATTCTGAGGACATTTCACAATCAAACCAGCATAATTATGTGCTCATACCTACCGATTTTCACAAGCTTTAACAGAACAAAAGGTACCCCAG[T/C]TAATATTTCGTCAACCTTACAGTTTGGTGGGGATGGGTTGCCCAAGTTTAACACAAAAACTTAATGTAATGTTTTGGGTACCCCTTGCAGGAGGCTTGATCCAATTAAACCATGGAAGGCCACAACCACTTCAATACATTGTCAATGCTGCCTTCCTGGCTACCCTGTACAGTGATTATCTTGAAGCTGCTGACACCCCTGGATGGTATTGTGGACCTAATTTCTATTCAACTGAAGTCCTGCGTGAATTTGCCAAGACCCAGGTATGCGATATCTGATTCCTCAATTAAAGTTGTGAGG,PN40024_assembly_v2_upper_rename.fa,chr12,24149144,[T/C],SNP,2,genic,Muscadine,24.0
chr13_003694501,T,A,A,GGAGAAAAAGTTTTTGACGCTATATATGTATGAACTTCTTTTAACTGTGTAGATGCATTATAAAGTTGTGAGAGACCATTGTGCAAGTATGATACAACATGTGAAGAAGGGTATTAGCCCCATATACATTGTGGGTGCATATTCTAACAATTTAAGCTTTTGGGGAAGTTGGTATCTTAACATACTCTATGTAAAAGTTCTACTTTGCATTAAATGGATTGAGAAAAGAGGAAGAAAATAAAAATCAGTTCAGAAAGAGACTGTCTTTAAGTGATCAGAACTACAGAAAACTTAATTGGT[T/A]GTTGTTAACAGAAATCAAGAGAAAGAGAAGGTTGCATAAAGAAAAGCTGCAACTTCACAAAAAGCAATCAAAGTACCTAACATTATCTCCCTTGCAGAGTCATATTTGAGATACAAAGCTACTTACACTAGAACTCAAAATCACAAAATTTGATAAGCAATGGTCAACATATTTGGATTCATTTATTGATAATTTGTTTCTTCCATTTAATGTCATTTAAAAAATTCTCTAGTTGTTTTGATATGTGCAACTGCCCCAGCTTGTGAGCAACAGATCTTCAAAATTAGGAAAACAAATTAG,PN40024_assembly_v2_upper_rename.fa,chr13,3694501,[T/A],SNP,2,genic,Muscadine,3.0
chr13_004662958,C,T,T,GCCCACCTAGCAGGTGTTGTTGGCCCATAATAACTTAATCTATATTGCTTTTAAATGGACCTTGGGAGAAGTGGAGGATAATCAGAAATAGTAAGTGCTCATTTTGGATTTTTAAGATGTAGGAACATCTGACTGAACCAACTTTGATATATACCATCCAAGAGGATGTTCACTGATGTATACCAATGCATCTAATTGACACAATACAGGATTTCAAGGGTTACTATATTAAACAAAGCAGAATACTTACCTGTTGAAGATGCTTTCTAGTGCAATCCTGAAGGCACCCATACCAAGACG[C/T]TCAGAAGGAAAAGCTGCCTGCACTGAGTAGACACAATTTTGATCAACAAAAAAAGAAATGTAAACAAACAAATCCTCCTTCCCAGAGACCCAAATTAAAAGCTGCCAGAAAAAATTATCCATATAGAATCAGGAAGGAGACCACAAGTGGGGCATATTAGAGGGCATGACCAACAGTTTGACGGCTCTACCAAGTGGAATCCCTAGTCAAGTCCAACTGACAAGGTAGTCTTTAATGATGGGACACCACATATTCCTGCCTGTATCTCTGATTTCCATTTCAACTGTTAGGGATAATTCA,PN40024_assembly_v2_upper_rename.fa,chr13,4662958,[C/T],SNP,2,genic,Muscadine,4.0
chr13_004670607,C,T,T,TCGATGTTCTTAAAGTAAGATGCATACTCATCTAATGAGAGAACTTTTCTGCACATGAAATCAATTTAGCTTAGTATAAAATCTGACAAATTATGCCATGAAAATCAAGAACCAGTCAGACCAAGACATAAGTCTATGAACTTACTTGAAACCATATTCAGACATCACAAGAGCAGGTTCCCCCTTTCCAAGGGCAATGATGAGTTCATTCTCAAATCTGAAGAAGGAAATATCCATTGAACTAATCGCAAGATAATAAGTGAGTTTCATATAATATTGCAGTGGAACAGTTTTCAAGAA[C/T]TTCTGTATCAGTGTAAGTTTCAAAAGGTCAAATAAGATGGTGATTCTTCGGGGTTCTATCCAAATGCAGCCACTTCATGACAAAAGCTGAAATTTAGGTCTGTTACCAGTTCTACCTCCTAAATTATCAAAGAAACCTGCACTGATTAATGGATGATGTCTAAAAATGTTATATCCTTCAAAATAAGTTTATTTAAGCAAAGCTATCTGAATCAACAGTCTCCAAGTCAATTCCTATAAATTCAGTTGGTCTTGAACATGACTATCCTTTAACATTTTCAATTTCTAATGAAAAGATTTC,PN40024_assembly_v2_upper_rename.fa,chr13,4670607,[C/T],SNP,2,genic,Muscadine,4.0
chr13_004882396,G,A,A,CTTGGAGGGGAAGTTGCTGCCATGGATGCTGAGGCAGTTTTAGATTCCAAACCAGAAGATAGGGGAGTGGATGTTTTGGATGGGGATCTGTGTGGTCCAGATGAAGTTAATGCTCTGCAGGTGGACCCTGAATTCAGTTGCAAACAAAGCCTAGTTGTTCAAGGAGACTCTATAACAGTGGAGGATGTAAAAAATTCATATTCCAAAGCTGAAGTTCCTGAGTGTGATGCTTTGAACAAGGATTTATCACTTTCAGAAAAAGATCAAGAGTTGAAGACAGAGTCAGCACTTGGGAGCACA[G/A]AAATGGAGGCTGGCACTCATGTAGGTCCATCTGGTCTTGGAACGGTTTCAGATAGTTTGGAAGAGCATACTTCTGTGCAACATGAGAAATTGGAGATGGTTGTCCAGTCAGATAAAATTTTGGCTCATGAGCTAGATGGAGATCAGAGTGTGAATCCATCTACTGTAGAAAAAATGTCTGACCAAGTGTCTTGTGTTACAGCTATTTCAAATTCAGTTGTTGAGGTAGCTGTTGGATCTCAAGGTGCAGTTAGCATTTTCTCTTTTCATGATGAGAGTGATACACTCTCCTCTTGCACTG,PN40024_assembly_v2_upper_rename.fa,chr13,4882396,[G/A],SNP,2,genic,Muscadine,4.0
chr13_005892687,C,T,T,TTGCAAACAAGGTTAAAATATAGAGCTATTAAAGGAAGAAAAAATCTTTTGCACACCCATTAAAGAAAAAATGATTATTCAGCACCCATATGAATGCTGATTGTAGGTTCATACATGTCTTTGGATGTTCTCTCTTCCATTGTCTGTAACCCGAAATCTTGAGTCAATTACTGCAGTTCTAACTGGCTCCTGATCAAACAAAAAGTGTCATTCATTCCTACCTTACTAAGGTTTAATCAAAAGAGTTCTGGTTGAAGCAGCAATATTAACATATAAGAATGTAAAGATATCATGGTTCTT[C/T]GAGAAACATATGGATGCTAGAGTGCTTATCATATATGTGAAATAGGAACATATTTTTCCTTTATGGAACAAAGTTACATTTCTCTAGTTATTCTATAAAGGGAATATTTTCCAATATCAGATGGCTATTTCCCAGTAGTCATACAAAATTTCCAGCATATCTTTAAGAGATGGAACTGTTACTCCAAATCAGGAATAAACCATTTTACGTGTGGATGCTTTCAATCCTTATGTCCTTTATTTGAAGCTTCCTCTTTATGATGCTATCATGCTTTTGCCATGTTATATAACTTCATAGTCT,PN40024_assembly_v2_upper_rename.fa,chr13,5892687,[C/T],SNP,2,genic,Muscadine,5.0
chr13_006988757,C,T,T,TATATGCTTTGTACTGGATTTGAGGATTAGTAAGGCCATTACCAATTGCAAATCCCTGCCCCAGCATTTTGAGCAGCAAATCAACACTTAGAAAGCTAAACAATATTCACACTTAAAAGCTACAATTCTGAATAGTGCAATCAATTCTATACCTTAAGGTTTATGTGAATTCCTCCTTTAGCTTTGTTCCCTCGGTGAATTCGAGCAGCCAAAGCAGGAATATAGTGCCCAGCATACGATTCTCCAGCTATGTAAAAATCATTGTTTGTAAACAAAGGATGCTCCTCAAAGAAGGCCTAA[C/T]AACAGAGAAAATAGCCCTGTCAGAACAACAGATTGTTACACAGATAAAACTCAATGTTCCAATGACATCGTTTTCTCCTTTCCTGTTGTTTACATGATAAAATATGCCATCATCGAGTGGTCTTCTAAACCAATATAATCAAAGAGTGATCCAATTATGTTAAATAATATGCCTAAATGAAGGCTACACTTCAAAGATTGCCTTGCTCAGAAATGCAATAATTGGATAGGAGGTTAACATTAAATCCCATGGTTACAAAAGAAAATAAGGATTAACAAAAATTATAAAAAAAAAACAAAA,PN40024_assembly_v2_upper_rename.fa,chr13,6988757,[C/T],SNP,2,genic,Muscadine,6.0
chr13_013236161,T,A,A,TTGAAGTATAACCGGCCCAGATGACCTTATCATCAACCCGACCACAAAAAAATAATTTGTTCTTTGTCCACCACCGTTGATAAAGGTACACAGACAAAAAGGGGAAGGAAAAAGGAGATGAGCCGGGCGGCCATGAGTGAGAGAGATATCTCATATTTGGATCTTTATACTGACTTTTGATTGAGATACACGCTGGTCTTACGAATGCACTTTGTAAAAGACAAGCCAAGTTGGTGGTTGAATGAATCATAGAATATGGGTGCTGATCGTGGGATGAGGATCGATTGCAAGTCCTTTGTT[T/A]CCTTGCCATTTTGATTTGTCACATCACCACATCAAAAGCTGCCATCTGACCATTTGGGCCGAGCCGAGCATGGTCCAACTATTGGGTTATTGTTTGGGCCTCTTCCTCAGCAGTTGTACGTTGTCAACCCTGGACCAGAAGTGGTAAGTGGGTTTGGTCTACGCTGTTGATCACGAACTCAGCCTTGTGCATGGGGCATTGCACCACATTTCCAGGAAAAGGCTTAGTGAAGTAGGCCACAGACCCAGAAGCCATCACATCTATGAAGCCAATGTCTTGTACATCTTGGTGGTCATATCG,PN40024_assembly_v2_upper_rename.fa,chr13,13236161,[T/A],SNP,3,nonGenic,Muscadine,13.0
chr13_015700257,G,C,C,TGCAGTCGAGCAACAGGAGATGCTGATTCAGCAGTCACATATTTTGAAGAGAGTGTTGATTTCCTCAGAAAATTGCCAGCAGATGATCTGGAGGTTACTGCTTCATAACCATTAAGGCATATCCTATACATTTTTGGATAAATGTGGCCCTAATTGTTTTGAACCTTTTTTCCCCTTAATTTCTCTACAGATCACACATACCCTTTCTGTCTCACTCAATAAAATTGGAGATCTCAAATATTATGATGGGGACCTTGAAGCTGCAAGATCTTACTATTCCCAATCTTTGGATGTTCGTCG[G/C]AATGCAATCAAGGATCGTTCAAATGTTCCATCACAGGTTAGCAACTGCTTTCACAATGTGTGCTTATTGATTTGCATATTTGATATGAACTGTTATTTTCATATACCATGTGATGTTTGATTTGAATCTAAAGATTTGTTTGACATATTTCTGTTGTATGTATGGCTTTAATATATTTACATGGATGAAGAATGATAAAAGAATGTCTCTGCATGTATAACATAGAGGTACAGTTTTGACTATTTTAGCAAGCTCTTTGGTGGAACTAAACTTCTTGTCACCTTAACAAATGGAAATATG,PN40024_assembly_v2_upper_rename.fa,chr13,15700257,[G/C],SNP,2,genic,Muscadine,15.0
chr13_024916689,T,C,C,CTTTCTATATGCATATTTATAATATATACGCACCTCTTCCTTGTAAATCTGTCTGAATCTTTCTCGGGAAACAAACAGAGATGGGGTTTTGGGTTCAGGGGTGGTCCTGCATTCTGGTGGGTGTTGCTGTGATATTTTCTGGTGGTATGTGTTTGGCAAAAGGAGAAGTGGGAGAAGAAGGAGAAGGAAAGTGTGATATATATGAAGGGAGTTGGGTGGTAGATGAATCATATCCTATGTATAACTCAACATTGTGCCCACATATCAGAAGGGAGTTTGACTGCCAGAAGTACGGACGGC[T/C]GGATAAACTCTACCTCAGATATAAATGGCAGCCCAAGGACTGTGATTTGCCCAGGTACAACTGGTCTTTCTCTTTCTCATCATCTCTTCGATTCTTTTTTATTTTTTTATTTTTTGAAATATCTCATTGTTTGTAATTTTTAATCATTTCTTTTGTTAACTAAAAAAAATTATTTAGAATAATTTGTCAAAAAACTACGTGAAAAAAAAAAGAGAACATTAATTGCATGTTGTGAAAGGTATTCAAAGGGAAAAAAAACCGAGAATTTTATATTTGAGAATTTTATTTCAAAATATTTTA,PN40024_assembly_v2_upper_rename.fa,chr13,24916689,[T/C],SNP,2,genic,Muscadine,24.0
chr13_024987423,A,G,G,TTCTCTTTTTAACTAATGTAATTATTACTAAGAAAGTTGAAAGAAAAAAAAAAAGATATCAATAGAAAAATCAAACAGCCACACCTATAGTAAAATAGAAGTATCAAACAAGGATCTCATACCCATTCCCATATCATGCCATGTCGAAAGATACATTGGGTGAAATTGAAGGATCCCGATATCATGGACTGTATGTTATCAGTGCATTAAATTTGATAAACATAATTTTAACTTCATGAAGCAATTGCAAGAGCTGCTACCCCAAATTATTCATCCAAAAACTTAAAATTACAAAATTGG[A/G]AAGGGGAGGACAAACGGAAAGTCTCTTCACAGGTCCAATCAGAATTTCTATAAAATAACTCAAATTACTATACAACTTACATTTGATAGGGATGACTTCTTCTGTGAAGCTAATTATAATTGTGATCTGACTAAAGTTGCAAGTCTAGACCTAGTAGATGTATAAATTGACTATCAAACTGTTACAACTCTGTCAAACTAAATCACACTTTTGAAGTGGCCTAAATTTAATTAACAGTCAAAGTTCAAAATCTTTATGGATTCTGCAATGGGAATTACATGATGGAGTTTTCAATAGTAA,PN40024_assembly_v2_upper_rename.fa,chr13,24987423,[A/G],SNP,2,genic,Muscadine,24.0
chr13_026951944,A,G,G,AACAAGCTTCCTTTACAGTCCAGCAACAATGCCAACATGCCGGCGAAACCAGCCGGGAAAACCATCGAAGAAACCTACCAGAAGAAGTCTCAGCTGGAGCATATCCTCCTTCGACCCGACACCTACATCGGCTCCATCGAGAAGCACACTCAAGCACTCTGGGTTTTCGAGAACAATGAGATGGTTCACCGATCCGTGTCCTATGTTCCGGGTCTTTACAAGATCTTCGACGAGATACTGGTGAATGCGGCGGACAATAAGCAAAGAGACCCGTCGATGGACTCAGTGAAGGTGGTGATC[A/G]ACGTGGAAAAGAACTGCATCAGTGTGTACAACAATGGGGATGGTGTGCCGGTGGAGATTCACCAGGAGGAGGGGGTGTATGTGCCAGAGATGATTTTTGGGCACTTGTTGACTAGTAGTAATTACGATGATGATGTGAAGAAGACGACCGGTGGGAGGAATGGGTACGGGGCGAAGCTCACGAATATTTTTTCAACGGAGTTTGTGATCGAGACCGCAGATGGGAGGCGCCAGAAGAAGTATAAGCAGGTATAAAAGTATTTGGGCTTAGGATTAGGGTTTCTTTATTTTCTTTTGGTTC,PN40024_assembly_v2_upper_rename.fa,chr13,26951944,[A/G],SNP,2,genic,Muscadine,26.0
chr14_005968516,A,T,T,CTATAAATCTCTCTCTTTCAGCTCTTGGTGATGTCATTGCAGCCCTGAGAAGGAAGCGAGGCCATGTCCCCTATAGGTAAGTTCTTACATTCTAGTTCCCATTGAGATTTGCACTTCTAATCTGGTTGGGTTTTGTTTCTTTGGTTGCAGAAATAGCAAGCTAACTCAAATTCTCAAGGATTCCCTTGGTATGACACTGCATTCTTGGTTCTAATTTAGTTGTGGGCTGTTTGGCTGCCACTGAGAAATTAAAGTTTTTCCTCTTTGATTTACTTAGAACTTGAAATTGTTTTACTTGTC[A/T]CATTGCATTTAAAATGAATTTATTTTGTTGAAGGGGTGAAAACTCTTTGATTTAGAGAAATGGAGGCTCTCTCAATTTTGAATTATCAAGTTTTTGTGATGACTCCATTCCAAAAGATGAATTTGTTTTCTATAATACTGTTGAGAAGACGATGGATTAAAGTGCAAAATGTCTTATACTTCTTAATCTGATTGCTTTAGGGGACGGTTCAAAGATCTTGATGCTTGTGCATGTAAGCCCATTTGAAGAAGATATCGGGGAGACAACCTATTCCTTGAGCTTTGCAAAGAGAGCAAGAGC,PN40024_assembly_v2_upper_rename.fa,chr14,5968516,[A/T],SNP,2,genic,Muscadine,5.0
chr14_011862993,T,C,C,GTAAAACCCTTCACCTCTCAGCACATCTGCTTTGTGTTGACTTGGTTATTATTCCTACAAAGCCCAATGGGGTTTGCTACACATCATGAAACAGCCTCCTTATCTGGTCGACATTTGCAAGCATCAATGTAATTGGGCATCGCTTATACTGTTGCCATGTGAATCAAAAACAAAAGATACATGAGATAAATATATTCATCTGTTAAGAAAAACATATTCCACCCAAGTAGGAGAGGAAGTTAAACTACAAAGCATGGAGTAACAAAATAATAGTCAACCAAAACAAGAAGCAAAATCGAG[T/C]CCTTTCAGAACTTGTATGCGCCAGGTGCTGATCTCGGTTTGAAACAGGATTTAGTGATTTTACCCTACTAAAAATCCAAAACTTGAGAAAAACCTAATAAAAGAAAGCCCCCTACCAATTGGAAAGATTATGCTTTTAGGTTTTCTTGTGGATGGGTAAGATAATGGTGGATAAATCGAACTCACATTAAGATATAAATAGCTGGTTCAGCTACAGAAGAAACCATGACTTCAGTTTGAGAAATAGGCTAAGGTGATGTATGCATATCCTAATGGGGAATCTGTGAGGAGATAGCTGAAA,PN40024_assembly_v2_upper_rename.fa,chr14,11862993,[T/C],SNP,2,genic,Muscadine,11.0
chr14_012790565,C,A,A,CTATGGAATTAAATACATCATACTGAAAAGGTAATTTTTATATTAAAAACAATTAAAATAATCAAATTGATAACATGTTGAACCAATTAATTACTTTTAAAAATGTGGAAATTTACAGGTTAAGTTCAACATGGATAACTTAAACCCCAAATCAATCCATATGACTATTAGTTCAAATTCAGAAGGAATATTATTTAACAACATTTTGAGGTCAACAACAATCACCTGCAGGGCATAGCAAATTTCTCTAGCCATATGGCGATCTTTCACATTCTTCCCAAGGGATAAGTTTCTGAATGC[C/A]CTATAGCCGATTAAAAAGACACCACCCTTAGCTCTCCACTTTGCAAGCAATTCTGCTCTTCTCTCCCTAGCAAAAAGGAAAATGTCAGCAGCCACATTATGTTCAAGAGTTGTTGAGTCTGAAAGATAACCAGAATGGAAAATAAAATAAATAAATAAACAATGAAAAATAAACCACCAAAAAGAGAAAAGAGGTAAATATCAGGAGAAATATCCAGGGGAAGGAGAATCCATCTGCTTAAATGCTAAACTGTGTCAATGGCAAGGAACATACTGCTAAACTGTGTCCATGATATAAGAC,PN40024_assembly_v2_upper_rename.fa,chr14,12790565,[C/A],SNP,2,genic,Muscadine,12.0
chr14_012950260,A,C,C,GATTTGACTTGAGAAAGTATGCTTGAAGTTTCCCTTTTTCATAAATCTTCAACCACCATGGTCCATTGTCCACAATATACTTTTGCTAATTCAAATTCATGGAATAACATTTTTTTTTTTTTTTTTGGAGACTTTCAAAAGAAATGAAACAACCTTGAGCCCAAGAACACACTCTTTTATCTCATAGAAAATATATTGGATTGATTATATATGGGCTTACAGCCAAAGCTACATGCTCCCAACCTTTTGATCACACCTATCTGTTCCCAGAGAACGATTTTAAAAGAAACACAGGAAGAT[A/C]AGAAATGGTATGATGAGTTGAGGCAGAAAATTAACGGAAAACCAACTCCTCTTTACAAGTAGAGCATCTAAAAGCAGCAACCATAGCATCTAAAACACCAGAACTTATGAAAAGCGAACGTGTTGAGGTTGCCGAAAATGGTTTTGTGCTGCTTGGTTACAAGCAGTGGGAAGATCAGTTTCGACGTCTTCCAACATGGTCTGCTTGCCGGAATCTTCAGTTGGTTCCGATTGAGAAGAGAGAAGATGAAAAAAATTACCCACGAGAAGGCCTAAAATGGTAAAGAAGGAACAAAAAACT,PN40024_assembly_v2_upper_rename.fa,chr14,12950260,[A/C],SNP,3,nonGenic,Muscadine,12.0
chr14_016508455,C,T,T,AAAATTAAGCATTTCTATCCTGCCAAATAGTCCAGATCACAGCAGCTACATTATTAGCATGGAAAAAGCAGGTGTGCTTGGCATGGCCATATAGGTTTGCAGCATGATAGCAGCAGAGGAATATCTTTAAGTCAGATAAGGCCTAAACATTAGTAGTTTCTGAATAATACCATCAGCCAAAAGAACAAGTACTGACCAATTACACAATATCGGTTTCAGCAGCCAAACTTGATCATTGTGCTCCCTATGACATAATAATCAATACTAGGATTCTCTGGTCCTTCCAAAAAGATCTTTAAT[C/T]ATTGTAATCCTGAGTTACAAATAACTAACCAATAGGTTTGATAAAGCCAACCTCAACCAAGAATAGTGATCTTTGAGAAAGTTTGGACTAAGTGACTTGTCATAAGTAATTTGAATTTTGTTAGATATGGCAAACCAAAAAAAAATATATTCATGTAGCATAATCATATAATAATAGTATATTAACCATTTTTCACAATAAGATGAATAGTTGTTAAAAACTTGTGATACATGATACGATAAATCTCTTATAGAAATTGATACTTCCAGCAATATATATCTTATCTTAAAGCATATCTTA,PN40024_assembly_v2_upper_rename.fa,chr14,16508455,[C/T],SNP,2,genic,Muscadine,16.0
chr14_021478286,C,T,T,ACTCCTGCCTGATTTTTCCAGACTCTGCACTTCCATGAACGCCCAATGTATAAACTCAAAACACGTAGTGTACAACATAAAAATTGGTACATTGTAGAGAAGTCTGCTCAAGACCATGCTTCCACATGGTACCTACCAGCCCTTTCCAGTGCCCTAAGCCATCTCACAGCAGATTCCCTTGGAACTCCATTTTCCTTGGATACAATTTCCTCAAAGCAAGAAAATACATCAGAGGGCATCTTTGTTGAAGAACCAGCAACATAGATGGAAGCTCCCTCACACAACAAATTCCAGATCCTC[C/T]GGCTGTTCTCTCGCATCTTATGCTGCACATAGACCTTGTGTGGCTGGTCCCTTGAGAAGGCCACACAAAAGCCTCCACCCTTTTCTTCTGAAAGCACACCGCCGTTTCGTGAATGGGACAACCAGAAATCTCTGTATAAGAAGTCATTATCCTCGTTCCAACAACCAAAGAAGAAAAGCACGGGAGCAGTTGACCCAGATCTACTTTGTATGGCCCTTTCCTCCACAAATCCACGAAAAGGCGCACAACCAGTCCCAGGTCCAATGAGAATGAGAGGAAGTGATGGTGGTGGGGCAGGAA,PN40024_assembly_v2_upper_rename.fa,chr14,21478286,[C/T],SNP,2,genic,Muscadine,21.0
chr14_028872318,A,G,G,GTGATATGATGAAACTGAAACATTAAATTCATTAAAAAAAAATACCTGTCATCTTTTTCCACTTATCACCAAGAACTCTCCCCACCTCAGTGAATGCAATTCCAGGAGTACTTTTCTTTATATTCTGCATTGAAAAAATGATGATACAAGCAATCCATTATTGGCCCACATAAAAGAGGTAATGCAGCAATCTTTAATTCCGAATAATTCAAACAGAACAAGAAAAAACATTTGGAAATGGCATGGATGGAGCACCTGACGTCCGTATATACAACAAACAGAGGTATATTATTAATTGGT[A/G]ATCTGGTGTTTAAAATTTAAAGGAGCAGAGTGCAAGCCTATGAGACCAGAGCAACCCATTTGGCATTTATTCTAGGAAATTTGTAGGAGTTTCAAGTGTCCTACCACAAAATGACATTCTTAGCAAATTTTGGATAACGATTGATCTTATCAATCCTGGAGATGACACCATTCTGAACAATTTATATACAATGAAATTTCTGCAATGCTTCCTCCAAATACCACAGTTATAGTTGTCACCACCAAATTCCTACTTACTATACTCAGCAACAAACAAGGTAAAGAAAGGAAAAGGCGACAT,PN40024_assembly_v2_upper_rename.fa,chr14,28872318,[A/G],SNP,2,genic,Muscadine,28.0
chr15_007837438,T,C,C,TAAAATGCATCTTCAATTAATTCTTCAGAACATTGACTTAGAATACTAAATCTACTCTTTTTAGAACCAAATCAAAAGTAATCATGGTTGTAAACATGTGCAGGGAATAAATGGAGCAGAAAAAGGAGAGCCAGCCGCATTGCTCCTATCTCCAAGCTCTTTATCTCCTCCTGTTGCTGCTGTTGATACCTCTCGTCATCCCACTGGAAGTCTTTTCACCATTTTCCTCACTGCTCCTTTGCAAGCTTTCTGTCTCCTGCTTGGTTTTTCCGGCTCTGATGTGGAAATGGTCTGTTGAGT[T/C]AATTCTATCATCTGCTGTTATTTGATAGTTTCATTTAGTTTGATAGATTATCTGAAGGAAAAATGCTTCAGGATCTCTATAGCAAGGCTGAGAAGCTGCTTTCCTCGTCATTAAATGACTGGGGATTGACTTTGGCAACTTCAGACACACTTGATCCTGCTTGGGCGCAGATTCTAAGTGATCCCTTCCTAAGGCGAATTCTATTAAGGTACCTTTCATGTTCTCATACTTTTTTCTTTTTAATTTTCGGAGGATTTAAATTTCCTGATAAGCACAAAAAAATAAAAATAAAATCCATGA,PN40024_assembly_v2_upper_rename.fa,chr15,7837438,[T/C],SNP,2,genic,Muscadine,7.0
chr15_010929828,C,G,G,CGGTACACCATTCTGTGTTTGGATGGAACTTGTTGCCTGTTGAACAATCGAATTCTAAACCTTTAATATCTGAATCATTGTTTAGGCTCTAGATACAATTATACCGTAATGACTCAAGAAGAATAATTTTGATACCCTTGTGGCTCATTGTAACAGTCATTTAGTGGCTTCCTTCCTGACTTGGGTCTTTTGATTATTTATGTTGCAGGCACGCCATGATACTTTTATAGCTGTGCCTACATTGCCGCTTCCTTCCAATCCTAAGCAGCACTTGCCAAGGAAGGGCGTGATTGCTAGTGA[C/G]CAATCTAATGCTGGGGAGGCTCATCCCCTTTCTAAGGGTAAAAGGGATGTCCAAGTATCATCTGCATCTCCTGCTAACCAAACACAGAAGCCTTCTGTCCTTCCTATGACTGGGATTTCTATGCAAATACCGTATCACCAGCCACAGGTTTCTGTACAATTTAGTGGTCCAAACCCACAACTACAGTCTCAAGGCATGACAGCTACTTCATTGCAAATGCCTATGCCAATGCCATTACAGATGGGGAATGCTTCCCAAGTGCAGCAGCAGGTATTTGTTCCAGGTCTACAGCCCCATCCC,PN40024_assembly_v2_upper_rename.fa,chr15,10929828,[C/G],SNP,2,genic,Muscadine,10.0
chr15_015166176,A,T,T,AATACCCAGCAATAAAAAGGAATGGCAATTAATGAGTTCAGATTTACCATGTCACAGGTGGAGCAATCACATACAAACCCCTCTGGTTTTTCCAAGCAGCCCCTCCTAGGAAAGGTGCCACAAAAATCACAAGAAAACTTGAGATGAGATTTCTTGCGACCTGGATGCCCACAGATGGAACAATGAGGAACTTTTGGCCTTGGTGACCTCTCATCTAAACTGGGTATGGAATCATCCATTTCTTGCTTCTTTTGTTCCTTTTCCTTATGGTCCTGCCAGTCAAACCCCATCAGATGATCT[A/T]AAAATTAATAGCAGGCACTGCACAATCCAAAACCTTAAGAGTAAAATAAGCTACAATTGTTTAAATTCTTATTAAAATAGAGCTGAAAAGGCCCAGCATAATATAGTGCACAAATATCCAGCAAAGAAAAAGAATGGAAATTAATGAGTTCAAATTTACCGCGTCAGAGGTGGAGCAATCACATGCAAACCCCTCTGGTTTTTCCAAGCAGCCCTTCCTAGGAAAGGTGGAACAATGAGGAACTTTTGGCCTTGGTGATTTCTCATCCAAACAGGGAATAGAATCATCCATAGATTTAAC,PN40024_assembly_v2_upper_rename.fa,chr15,15166176,[A/T],SNP,2,genic,Muscadine,15.0
chr15_016575123,T,C,C,AGTTTGTTAATTTCACAATATGTTCCATCACCAGTTCACTGAATCAGATGAACAAGTTTCCCTGTTGAATAAATGAATTCTTAAATTACCTGCATGAGGATTAAGACATCCATTGGGTCATTGTCTTCACATAATGTGCGAGGGATGAAACCATAGTTATGAGGGTAGACCACTGACGAATATAAAATTCGATCAACCTAAACAGTTATTTAAGCACAAGGAACAATCAGTATAAGATTAAAAATATTTAAAATCTAAAGTAATAAATTGGAAGGACAGTACTTCTAAGGGATAGAAGCC[T/C]GTCTACAATAACCATTTCAAAGAAAATATTCTGTGAGATAGGAGTAGCAGTTCCCATTTTCGAATCATCCATTATATATACATGCCAAAAACAGCTGGAATTCAATCTTACCTTAATCAGACCTGTCTTCTTGTCAAGTTCATATTTGACCTTACTTCCTTTTGTTATCTCAACAACCTGTACCATAAGAACATAAAGTTCAAGAAGCAGAAGCCCTAACTAGATATCAGATTCAAGCATTCAAGTTTGAACTAGGAAATGACTGCTGAAAAAGAGATTCCAATTGGATTATTTACATCC,PN40024_assembly_v2_upper_rename.fa,chr15,16575123,[T/C],SNP,2,genic,Muscadine,16.0
chr16_001105494,G,A,A,TACAGTCTTGTCCGCCATGGAAGCTTTTGATAAAGCTCTTTCTAGCTCATTTGTATGGCTGTCCCCAGACTCCTAAACCAAGATATTAAAAATATCATTTAGGTAATGGGAGCTATATATACATACATTCTACATAATTTTCTCTGAAAATTTGTAAGAAAATTAAATTCGAAGTAGATCAAAGAAAGTTACATACCATCATCTTTGAGGTGGAGGATCTACACTGATAGTTCTGGAATGGGAAGAAAGGCTTGTTGAGGGACGGCGTCCACACGAAAACATAGAGTAAACCAAGGAACA[G/A]GAGACACAAGATGGCAAAATTGGCAGCATGATTTTTCTGGAAATTCATATTCAGTTGGTGAAGCTGTGAAAGATGAAGACTGAATTCTTCTTATTCATTCATAATTTAGTAGTCTGTAATCTGTATACAATTCTTTATTTTGCTGAATTCATTGCTGATTTATTAGTCTGTAGATGCTCTTATTTCATCTGGCTCTGCTGCATATAATGATGGTGAAGTTAGTGTGTATACAGTAGTTATTATTGCTATTTTAATAGTATGTGTACTTGCTGTCTGATATGTGTATTGGCCCTTTCTCAT,PN40024_assembly_v2_upper_rename.fa,chr16,1105494,[G/A],SNP,2,genic,Muscadine,1.0
chr16_019101515,C,T,T,CAAGCTTATTAAAATGGAGCCTCCCATTCATGCTCTGGGTCAGTAGGTGCTAAGAAGTTTCATTGGTAATTTTTTATCAGATTAGAAAAAATATGCACCAACTGGCCAAGTACTTGTTTTCTAGTCATGCAACTTGGAAATTCAATCTGTTATCCTTCTGATCTGTCCTTCATAGTATTTTAAATCATAACCTGTATAAACAATAATCAGCTTTACCAATTTGGGACCTAGATTTGCTAGTTACCACTACCAAGATGCTCCCAGATGCTTAACATCTTAGTGCTGTTGATTATAGTTCTA[C/T]GACATAAAACCTCTGCCACTTGAATCACTGTCTGTGTCTTCTAGGATGAAGTGGCTGCAAGGATTGAGAAAAGGATTTCGGCTTGGACTTTTCTTCCTAAAGGTATTTCTCCTTGGTCCTGGTCCTATTGCTTACATGCCATAATTTATTGTTCTTTAATTATTAGTTCATCTTTTCTCTTCTTTAGAAAACAGTGAGCCTTTGGAGGTTGTGCAGTACCAGTTTGAAAATGCCAAACAGAAATATAACTATTTTAGTAATAAATCCACATCGAAATTCGGTGAGCCTTTGATGGCAACA,PN40024_assembly_v2_upper_rename.fa,chr16,19101515,[C/T],SNP,2,genic,Muscadine,19.0
chr16_019548533,G,A,A,TCAGGGTCAATACTGGTGGGACAAGTTTCGAGCCGATAAATTGAAAGACACCAGACCCTACTTGATAGAGATCATGTACTCTGATCAGGTCCAGATTTCTAACCTTATTTTGATCGACTCTCCATCATGGAATGTTCATCCCACTTACAGCAGGTTTCCCCCTTTTTCTCTCTGTATTCATCATTTGGAATTTACATTTTGTCAGAGTCGTATTCATAGTCCCTTTTCTTATGTTTCTGGTACTTGTTGAACTCCAATTTGCAGCAATGTGATAATTCAATGGCTCACAATCATTGCACC[G/A]GTGGGTTCTCCTAATACAGATGGAATAAACCCAGGTTTGCTTTTGCTTCCTCCCACAGGACTCTGGTTTTTGGATTAAAATCTTTGGATGGTTATCAAAATTGGTAATGGGGTTTTAGGTGTTGGGTTTTTCTGATGAAAATCTTGTGGTAGTTACTGTTTGGTTGGTGAGAAACAAAAATGTCATGTGAAAAGTAGTCAAAATGTGCTGTGACCAGTTTCATGAGAACAAAATTTCTAAAGTTTTCTTCTATATGGGGACAAAGTTTGATCCAATTGGCTAACATGACTTGAACCTGAC,PN40024_assembly_v2_upper_rename.fa,chr16,19548533,[G/A],SNP,2,genic,Muscadine,19.0
chr16_020658353,A,G,G,ACAAAATTGTGAAGAACGATTTAACTTCCGTATCCTCAAAAGTTTTCTTTTTTCTTCCTCCTCTTCTATTATGGACTTGAGACCATTAAGTGAAGTTTTGGTGTCCCCATCCACCTGAAAATCAAAAATTATGAATATAAGATATTACAACACACCTTTGATTTAACATGGTTCTTTTACACCAATCAAATAACTTGAGAAAGACGACATCAATAATCAATGAGAACTAAACATCAGACCCAACAACTAAGCTATAATTAGTACCAAGCTATAAACCATAAGATCAATGGCTTCTAAACT[A/G]AGAAAGTAGAAGCAGGTGTGATGAGGCTCAACAGTTTATGGACTTGAAAAGAAAAAAAAATTATTATACATCAAATTAGCTGCTGATCTATCATTCAATTGATATTCCAGAATTATACCTAGAGCCTTGTCAATGCAACTTGGTATGACCCTATCAAAGTTTATTAACTAATAAATTTAACTTTGTCACCGTGTTTTCTCTCAATTTTTGCTCAAATTTTTTTTCCCAATGTAATGCAAACTTTTAGTGTCACCAGAAAAGATGCTGAAAGAGATAAAGAGAAACCAACCTTGGAACAAT,PN40024_assembly_v2_upper_rename.fa,chr16,20658353,[A/G],SNP,2,genic,Muscadine,20.0
chr17_000901278,G,T,T,TCGTGATAAGGTCTTGTGAGATTGATAGAGACAAAATGGCCCATGGAAACCCTCATGAATCTTCTCCAGGTTTGTGGTCAACTCTGGATTAGATCATTTTTCAAACGAAAATTCACTTATTCAACATTCATAGAAATGTTTTTGTCCTTCAGGAAACAGCTCTGAATTATGTTTCCAGCTCTGGGTTGGCCGGGAATGGCTTCGGAACAACCCGGGAGATGAGCCTTAGGAAACTGATTCGGGTGGTGACCCATACACATTCAAGTAGAGAAGTACATTTCTGGTATGATTCTCTCATGT[G/T]CCCTTCTACACTTGTAACTGACTTCTAAAAGAATGGAGTGTGATAGGGAAGATGTTGTGGAGATCGATACTTGGCTTGATGCAGCAGGAAAGAATGGAGTTCGCCGGGATTGGATAATTAGAGATTGTAATACTCAAAAGATCATAACAAGAGCTACAGGGTGAGCCTTTTGAAAATTTATATTTTCGAAACTCTCTCTCCTACGCTTTGAACTTACCTCGAATATCACGTCCATGCAGCACATGGGTGATTATGAACAGCGAAACAAGAAGGCTGTGTAAGATCCCTGAGCAAGTTAGG,PN40024_assembly_v2_upper_rename.fa,chr17,901278,[G/T],SNP,2,genic,Muscadine,0.0
chr17_003126995,G,A,A,AAAATTAACTAATGCTTGTATCATATGGTTAATAATGAATCCATTTGGTTTCATGTCGATTATCACCAATTCTATGACAAATACTGCCAAATATCTGGTAGAAAAATCTTTTTATAAAGTTATACATTTGATTTTTCTCTTTCTTTTGATTGGATGCTGTATCTTCCAATAGGAGATCTCATCCTGACATTCTAATATATTTCAATCAAACATTTGTTTTTGATTAAAAGATCAAAAAAATTCTCACCCATAATTGGATTCAATAAGCCGGTAATACGTCCTTCGGAGACGCATAATCTT[G/A]TCATTCAACATAGTTGCTATCATATTTGTTAATTCTCACCCATAATTGGATTCAATAAACTGGTAATATGTCCTTCGGAGACACATAATCTTATCATTCAAAATGGTTGCTATCATATTTGTTTCTCTACTGTAACTTTTTGGGACATAATCTGTTATCTCCTCCTTCAAGAGTTTCAGAGGATTCTGATATCTCCATTCCTACGCAGCATTGTAATGGAGGCCTTAGCAGATTGATTCAGTAAGCAGAGGCTATGGATGGTTTCTGAGTTGGTTTGAGAGCAGGGCCAGGGTTATTGAT,PN40024_assembly_v2_upper_rename.fa,chr17,3126995,[G/A],SNP,2,genic,Muscadine,3.0
chr17_005359614,C,T,T,GAAGACCTCAAAGAGATGGGTGTTCTTTCTATTGGGCCTCGTCGGAGGTTGTACACTGCAATTCAGCAATTAAAGGAAGGAGGAGGGGGAATTTCTGCTTGACAAATTAATGAACAGAACATATAGGTAATCTTGCCCCTACCAGGTCTTTTGTGAAGCAAAAGTCAGAGATGTGCATGTAAATTTTCGAACTTTATATGTTTCCTTTTGCCTTTTGTCATTTTTTAAAAAGCTTATCAATGCGATAAGACAGTTTTCCTGTGTTTTTTTTCATTAGTGGATCTTCCTTACTGTTCCTTG[C/T]TCACCCTTCAATTTCATCAACTTTGAGAAACTCTGGACCATGATTTTGTACCATCAACATTTTTTGTTAGCAGCTTATGAAAGAATCATAATTCACTTTTGTGGCCATTATGTATTAACCTGTTGTCTTGATAATCCTTTTTTATTGACATGATAGGTGGAGTAACCTCTTCTCTTTTGTGGTCCAGTGATGAGTCTGTTGCCATATAATTGTCAGTTAAGACCGCTTGATTTTGCAACAAGGAAAGCTGCTTTTGTTAGCATATTCCTTTATGATGGCAGTTGATATTCATACAAATTA,PN40024_assembly_v2_upper_rename.fa,chr17,5359614,[C/T],SNP,2,genic,Muscadine,5.0
chr17_005916212,T,A,A,TGAGGCCGAATTTGTTGAGTGAGCTGGTTATGGTGACATGGTGAACCCTGTATAAAATATTAATGCATGGCCTGCCTTTTTTAACTTCTAGGATTTTTTGTGGCTTCATTTTTTTGAATAATGACAAACTATATGAAGTAAGAAAATTGTTCCCATAAGATCAACATCTCTTGCAATCCTCTGATACCTATTCTTTCCTATTATCATTTAGTAGCTTCAACTTGAATTAAGTTACTCGATGTTGGGGTTGTGATTGCTCTTGATTTCAAATGACTAGACAATCTGAGGCAACTTTTTCTC[T/A]TTTTCTCTTCAAATTGTGGTGCTCTGTATGTAGTCCTTTCTTTTCTTGCTACTCACCAATCTCTTGTTTCTGCTGCACTCATTTAATGGACATGCTATTTATCGATTTCTAAGCATCCTTGACCACGGGTCATCATTGGTCTTGTATCCTTTCAAGTAATAGATATTCCTTAATTAGATGACACCAGCAGCATTTTGTTATTTCCTATAGAGCCAACACCGAACCTTTGAATGAGAATTTTTTTTCATGTGATTTGGCAACCTCCCATTATACCCCAGACAGGGTTTTTGGATACCCTAT,PN40024_assembly_v2_upper_rename.fa,chr17,5916212,[T/A],SNP,2,genic,Muscadine,5.0
chr18_001344625,T,C,C,TGAGGAGTACCCCAGTTTTGAAGCAAAATCACTCTTCCCACAAAATGAATCACTCCCACAAGACTACTCCATGGTTCTAGGAAAATGCTTGATCAGAACAGGCAAATGTGTTACCAAGAGGGTTGTGTTTGATGCATCTGCCATAGCCGCCCTTAAAGCCAAAGCCTCTGTAGACTGCACCCGAGTCGAGGTGGTGTCCGCCTTCATATGGAAGCGTGCCATGGCCGCTGCCAAGCAAAAACTTGGATTCCAAAGGTCTTCCATACTCACCCACGCAGTGAACTTGAGGAAAAAAACCAT[T/C]CTATCGTTGCCAGAATCCTCCATGGGAAACCTCTTCTGGATAGCAATCACAGAAGGCAGGGTTGATGATGAAGCTGAACTGGACCTCTTGGTTGATAAAACAAGAAAGGCTATATCAAAAATCAGCTGCGATTTTGCGAAGAAGCTACAGGGTGAAGAAGGCTTTGCAGTGGCTTTTGAACATGTTAAAGAGGTAAAAGCAGCGTTTGAGGAAGATGGAGTGGACTTCTATGGGTTCAGCAGTTGGTGCAAATTTGAAGTGTATGAGGGTGATTTTGGATGGGGAAGGCCTATATGGGTG,PN40024_assembly_v2_upper_rename.fa,chr18,1344625,[T/C],SNP,2,genic,Muscadine,1.0
chr18_003172080,C,T,T,ATCAAGATTTTGGAGTTGTTTCAGCCAGGATTTTGATTAATTGAGTCATCCATAAGTTATGGTGTCCCCTGGATGCAAACCACCATATAGGCAAAGCTACAGAGAGCTACGGTAAGAAATTAGCAGGAGCATGCAAAGGCTCTACTCCAGGAACAAGGTTTCAACAAACAGTAGGCAGGGAACATACTCAAAAGAGTTGGTTAAAGTGAAACATCCATCATGTATGCATCTTGGTAATCAGAACAGAGAACACCAGCTACTAGGAGAATAGATTAGGAACAAACACTTTTTACAGGAGAC[C/T]GAATTTAGAGGGCAAGGACCAAGGGAATTGATGACTAAAAACTTACTGCACAGACAATAAAGATGGGGCACTGAAGAAAGCAGATGTTAGAATTGAAAATGTTACAGATAGGAGAGTATCTGATGTGTCAAATGAAAACCACCACACAAGATAAACTTAAAACTTATAGTGCATAAAGCTCCAAAAACATGTAAAATAATGAATCACAAAGAAAAGCCCAAAAGAGCTTGGAGGAAGCCAGTGTATGTCATGATAGAGTAAATCAGACTTGGTTAGAGGGAGCAAGGAATGATCTTGCAG,PN40024_assembly_v2_upper_rename.fa,chr18,3172080,[C/T],SNP,2,genic,Muscadine,3.0
chr18_004792646,G,A,A,TCTCAACATTTTTTCCATATAATCTAGGAGTGTTAATGAAAGAGCTCTAAAATCTTGACCGCTTCAATTTTGAAAGCATTAAAATTATATTGAAAATCAGGAATCAATGCATTGTTATCTAAAGAGTTTGCATCAACGCTGAAGATTTCATATTTTTTTTCAAAAACATCTAAAAAAATCAAAACTTTAACCTATTGTTGCCCAGATTTTCTTCATTCTGAAAACTCATAGGTAGAATGAAAAATGAATGCGCTTTTCCCATTAAAATAACAGCCCATCGATCCCCATGACTTTAATGCA[G/A]TGAAGAACAAAATGAAAATAATCACTGAATTTTTATCTTGATTTATCTTTGGGTTTGGTAAGGAATTTGATAAAGATGCATAATTAGGAAACTGATTTGATTAGCATCAAATTGATTCTTGAACCATGTTTTCCAAGGTTAGTTGAAAAAGAGAGGTTGGTATCACTTCTTGCCACTCAAAAACTGATACAAACAACAATGAATGTATAGTCGAAGTCTCCTTAATTTATGAAAAATCATCTTTAGCCAAAGTGGCCTTCTAACATTCCTAATTGGATTAGAATCTTAAAGGCAAATGCC,PN40024_assembly_v2_upper_rename.fa,chr18,4792646,[G/A],SNP,2,genic,Muscadine,4.0
chr18_007423754,T,C,C,TGCGTCGCCTCCGCTTTCTCTTCCTCTTCTCGGCCTCTTCTCACTTACCCTTTCCTCTTTGCATCTTCCCCGTCTGACACAGAAGAAACGGCCAATCGGAAGCCCTAAAATTTTTCTGGGGGTTGGATTTTGGCCACCGAAATGCTCGAGGCTTATCGGAATAGCTCGTTAGATTGGAATCCCTCCCCAGTTGTAGCCCTAGCAACCAGCGTCGACGACTCGCAAGTTGCCGCCGCTCGGGAAGACGGTTCCGTTGAGATATGGCTCGTCTCTCCCGGCTCCGTCGGCTGGCATTGTCAA[T/C]TGGTAAATTTAGTCCTTTAACCTCATAGGCAGTTTTGGTTTTCTGCGTCCTAAAGTGTGTATTTGCTGACCCCATTGATTCATTTTAATGCGTAGACTATACACGGAAACCCTAATTCCAGAGTTTCATCGCTTGTTTGGTGTCGCTCTGGTTCGAAAAACATGCCTTCAGGTCGTTTGTTTTCTAGCAGTATTGATGGATCAGTTTCAGAGTGGGATCTTTTCGACTTGAAGCAAAAGGTAAATACTATGTTTGGGAGAATCATATTTAGGTTTTTTGTGTGTGTGAAAGAAAAAGGTG,PN40024_assembly_v2_upper_rename.fa,chr18,7423754,[T/C],SNP,2,genic,Muscadine,7.0
chr18_014227496,A,T,T,GAAACAAAAGACAACATTGATTTGTTTTTCAGACAGAAGATACAATAGGATTTGTTTTTCAGACAGAAGATGCAATAGGTTTCGTGTTGTAAGCTATTGTGGAAGAGGAATCCGGTTTTGCATGGAATTTGCTGAGATTTGGGCTTTGAATTTCCAGATGATCATGATTTTGCTTTCATTTCATAAAAATTGATCAGGATTTTTTTGTTGAAAGCTGCAGTAGTTTATATTTTTTACTATAATCCTTTTTCAGTTGATGCTGATTTTCATTAAGAGATTTTATATGGCTTAAATAATTGA[A/T]TTTTTTTTTTTCCTATTCTTTCTGTAGCGCTGAAGAAGACGTAGAGATGTGAAGTTTGCATCATTTATTTGGTAGTGAATAGAAGGCTAATGGATAATAATTGGAAACAGTCTGGGAATTCCAAACCATATGCAATCAGAGCTGTTGATGGAGGATGGCTCGAGTTAAAACACAGAATAGTTTTGGGCTTTACATGATATAGTTTACTTCATAGGACAAGTTTCCGCAGCCATTAGAATGGCTGACCAAGGTTTTGTTGAGCATCACCAATCCAAAGTTACATATGTTTTCTTTTTTTGT,PN40024_assembly_v2_upper_rename.fa,chr18,14227496,[A/T],SNP,2,genic,Muscadine,14.0
chr18_026778733,G,A,A,AACAATGTTGGCCCAGAACATGTCTGGCTGGGTTATCAACCATGTTCCCAGTTGAGGTTGTTTGAATTCAATGACCCCAATGACTGGAATCTCATTGAGATTTCTTTTGAGGCAGCCCACAGATTCAGCTCAAGTGCATCCAATGTGGTGAAGAAGTGTGGGGTATGTCTAATATATGCAGAAGATCTTGAAGGAATCCATCCACAAAATAAAATACAGCTGAAAAGCAGGGGATATAATGTAGTCGAGAGAAGCAGTGACAGTGCAGGACTCAATGGAAGTGGAATGGGCCCTAGTTCT[G/A]GTGGCAGTGGTCTCAGACCCGCCAACAATCCCAAACTCAGGCGCAAGCCCAAACGTCCTCAAGAATGACTACCATCATCCAAGCTCTTTATCTCAATAAAATTCTCTCTTCTGTTGATTTGGTCATGCATGCTCAAAGTCAGTAATGATTTTGTTTGTCAATGATTCTTACTAACTCCTCCAATCATGTCTGTATATGATCTCTCTGTCGACTTTATGGTGAGTCTTCATCTTTTCTCTTCTGGAGTTATATTAATTGAAGCAAGGTGAAATTCTTAAAGGAGTTCTTCTTTCTGGTTTT,PN40024_assembly_v2_upper_rename.fa,chr18,26778733,[G/A],SNP,2,genic,Muscadine,26.0
chr18_031717310,C,T,T,TGATTATCTACTGTTTGGTTGCCTGGAAAATGGTCGGAAGAGGAAAAGATAGCAACTAGCTGCGGTTTTAAAATTTTTTATTTTTATTTTTATCTTGGCAGCCAGATTCACAAGCAAGGTATCAATCACATTTTAATAATTGGAAGACGCCACTATATCAGGGAGAAAGTGGGAGAAAAATGAGATAAAGGGAAGGAAAGTGAGGTGGTTGTCTTCTTCGATCAACTGGTATATACCTGTTTTTAGTTTGTTTATTTTAAGCTTTTTTTGGATTGTTTGTTGGGTGTTTTTGTTTGATTG[C/T]GTACTGTTTGTTTGCCGGGAAACCGTTTTTTGGCCAACCCATTTGAGTAGCAACTAGCTGTGTTGCTGGCAGCCAAATTCCATAGGAAGGAACCAAATCTACGTTAATCATCAGCCAAGGACCCCCTTTTATTAGAGAGAGAGTGAGAGAAAATGAGAGAAAATGAAGGAAAGTTAGGAATTTTCCCTTCTAAAATTAATGGTAGATTTTGCTTTTTGGGGTTTTCCTTGAATGATTTGCTCCTTGTTTTATTTGATTTTGTACTGTTTGGTTACCGGGAAAATGGTGGAGGGAGGTAAG,PN40024_assembly_v2_upper_rename.fa,chr18,31717310,[C/T],SNP,3,nonGenic,Muscadine,31.0
chr19_000965811,G,T,T,ATACACCGTTGCACTTAATTATGTGCAAGCTACTCATAAAAATAAAAAATAAAAAGGAAGAAGAAGTGAATTACATATGGTGGGAGCTAATAAAATATGCATTCAAATTTAGAGAGAAAGAAAGCTTTATATCCATTATAGTTGTAGATAATATTCAATCATTCCTAAAGGTTAAACTCAAACAAAAACATACCATACGATTTAAACAATTAAGAAAGAACATTTAAAGCAACAAATATATTGATTAAATGAAAATAAATCTGACCTCAAGTTGATAAATAGAAGGAAATAAGCTTGAGG[G/T]GAAGTATTGAAGGAGTCGAATTGTCTGTTTCCTGCAATATTAAAGAATGGGTTATATGCATATAAGAAGAGATAGGGAACAAAGGTCGAAAATCATGCAGCTACTTATACAAGGCCACACTACATATTCTATACATGAGATTATGCCTAGCTATAGTTTATAGGTTGTACTAATTTGCATGCATTTTAAGACTTGGTTGAACATTTGAAAATTTGCTATCAGATTAGTTGCTTAAATGCTTATATGAATGAATAAATCAAACAAAACAAATAACAATCTAATGAAAATAATACGAAAATA,PN40024_assembly_v2_upper_rename.fa,chr19,965811,[G/T],SNP,2,genic,Muscadine,0.0
chr19_003655046,G,A,A,GAACTCTCTTTTTTCAAATCAGATTTACTATTGAAAGTCCAGACTACCCCCACCATTCCCTCAAAAGCCTAGGCCTTAATGGGTTTTTTAATTAATATTAATTATTTTTCCTTGTTTCTTTGGCTCAGCTGGGAAGGTACTGGGAGTATCCAAGCCGAAACGGCACGATACGTTAGAGAGCACGTGGAAGACGATAACGGACGGGCGTCCGATGCCATTAACGAGGCACCTGAAGAAAGCTGACTCGCTGGAATCACAGCGCTGCAGCATCGATCTGACGCCGCAGAAGGTGAAGAAATC[G/A]GAGACGTTCACCGACCGGAGTAGCACGAACTCGTCGGTGGCGTCGTCGCCGGGATCGGGGAAGATGAAGAGAGAGCCGTCGCTGAGTCAGGACGAGCTGAACAGGCGAGTTGAAGCGTTCATTAAGAAGTTCAACGAGGAGATGAGGTTGCAGAGGCAGGAATCCTTGAATCAGTACAATGAGATGATCCGCCGTGGGGCACGGTAGACTTGGGGAAAAATATTGGGGGGGTCTGGAAAGTGAATTAAAGTCTTTTTAAGTCATGTTTCTGCTTTTATTTTAATCTGGAAGGAATTTTAT,PN40024_assembly_v2_upper_rename.fa,chr19,3655046,[G/A],SNP,2,genic,Muscadine,3.0
chr19_004189646,C,T,T,GTGTGGACTTTCAGATTATGAAAATGGATTTTGATTTTCCACTCTTTCATTTCTTCTGGAATGATCTCATGATTTGAGTTGTGCAGAGAATGGTGGATGCTGTTGTTGCAGTAGCTTTGGATCGTTTACTGCAAGTGCTCACAAGCCAAGGCCTTCAGTTCATCAAATTTGATAGGGAGTTTGAGGAAGTGAGGACTGAGCTTCTATACATCAACAGCTTTCTCGAAGATGCTGAGAAGGTCAAGCAGGTGAATCAGATGGAAATGCTGAGAACCATTATGCAAGACTTGAGGGAGATGG[C/T]GTATGATGTTGAAGACATAATGGAAGACTTTGAGCTTCACCGCTTAAAATGCCATGGAGGATATAAGCTGCACTGCATGGGCTATTCTTCATTGTCCTCAATGAAGTTCTATTTTTGAAATAGGAAAGAGGTTGCGGATGGTGAGAGAAAGAATGACCAAAGCTAGAGGAAGAATGACCCCATACTTGGGGACGGCTCTAGCCCTCCCAAGTCAATGGCCAGAATGGGGAAGGCAATCGTTAAGAAACCCAATACTAGTTGATGAAGCTGGAACAGTTGGGCTAGCAGAGGACCAATGGA,PN40024_assembly_v2_upper_rename.fa,chr19,4189646,[C/T],SNP,2,genic,Muscadine,4.0
chr19_004493137,T,A,A,CAGAGGACTGAAATGGCCAGTTCAAGATGTTTCAAGCGGTAATTAGTCTCTTTATTCATCTATGGTTTTTCTTCTGACTTTTTTTTTTTTTTTTGTCCTGTGATCTTGCCAAGAAGATGAAGGAAAAGAAAAAAAAAAAAGTTGAGTTTCATTTAGATTTTAAGGTTTGAGATTTTGATCAATGAAGAGTTTGATTACAATGGCAGATGTGGGGTTGACCATGTTGAGACCATCCAAAATACCAGCATCACTACTTCTTGATGCCCACCCCAAGATGTCGCCCCTGCTGCAACCCTCTCA[T/A]TCCACTGGAGCAATTCCTTCTTCTGGATCCATTCTCCAGGTAATCAATAAAAGAACAGCCATAGTTTGCTGGGAAAACGAACTTGCAAATAATCAATGTATATATCCCTACATTAATTATCAGTTTCTTTCCTTTTCTTTTTCCTTTTTCAATTCCAAAGATTAAAAAAAACTGGCACCAGAAATGTCTTCTATCCGTTTAGTTTTCAGACACCGAAGCTAAGAAAGCTGTTGTGTCTTGATACTTCCCTTGGCTTCTTTTGCTTTCTGGGTCGCAAACCAAGAAAACAAACTCTTAGTT,PN40024_assembly_v2_upper_rename.fa,chr19,4493137,[T/A],SNP,3,nonGenic,Muscadine,4.0
chr19_007124842,T,C,C,AACGCACCAATCTTCCAAATTACTAGTTCCTGACAACATGCAAAATCAGCAATTATCTCTACCACAGATATCCAATGAAAGTGTTAACACATTTACTTTATAATTCTAAAGCTGGTGGTACATAGAAATATCAGTTGTGAGAAACAAGGTAAGTTAACTAAAGGCATAAACCTAATCAATCTGGAGAATATGCCAAAATCTCGCAATATATTACTTGATTTCTACAAGAAAACAACCTATGGACGGAAAAAGAATGACTTGTTTTAAAAAACTAGCTACTGAAGAACCACCAAATGCAAC[T/C]ACAATAACCACATTTCACAGAGACAATGTTCATTCACGGCCCAAAATTCAGGCAAATTCAAAAGCAGCACCAGAACCAGCTGCTTCTGAAATTCCATCGCCGTTCATTATTAAATGAATCCGAAGGGAACTCTGCAACCTCCACATCCTCATCAGTGGCTTTTCCAGTGTTCGATTTCTGACATTATTTGAAAACTCAATCATTCAAATTTCAGCGCCAAACACATTCAAATTCGATTCGTTACGTTCAATAGCAGAATCTCAAATCGATCAAAAAGGAAAACTACTCCTCTACAATCTC,PN40024_assembly_v2_upper_rename.fa,chr19,7124842,[T/C],SNP,2,genic,Muscadine,7.0
chr19_014674811,G,C,C,TCCTCTTTAAGCGCTTCATCTATGTGACATTGTCTTACTATGTAGGTATACGTTATTTTGGTTGCTACTATTATCAAGCAAATTTTCATTTAGCTACACATTTGAGGTGAGTGACATTGTACTTTATTTATTTCTACATGATGACAATAAAATATTATTATTTACAGTGAATCTTCTGAGAATTTTCTGAAAATCAATCCACTTTCTTCATTGGGCTTGCGCAATGAAATTGAGAATGAAGATCACAAGAATGCAACAAGATTGTTGAAGAAAACAGTGTGCTAATAATCAGTATATAAG[G/C]TCTTAATAATTTAACCTTCTATACGTGCAAAAATACTAGTGACTAGTTAGTTTATTACAACTAGCAGCAGTATGCTAACTCTCTGCCCACATTATGCATGGCATGCACATTTTATAGCAAACTCATGATTGTAAATGCTGACAAGCAAATGCAGATAAAACCACTTATAGGGCCAACAAGGCAAATTATGAAAATTGGTGTAAAAGAATATGATTGGCATGAGCTTTTCCCAAAAGGTAATGCACATTTCTTTCTTTATAATCTCAATAAAGAGCTCAAACTGAATTTTTTTGACATGAA,PN40024_assembly_v2_upper_rename.fa,chr19,14674811,[G/C],SNP,2,genic,Muscadine,14.0
chr19_017333814,A,G,G,GGAGGCTAGAGCCTGGGTAAAGAGTGTTTTAGAATATTCTAGTGTATATTGCATGGCACTATATGGTTTAAATCTAGCATGGGATGGCTCCATCCAAGTAAATCAAATGAAAACGAAACGGTTTTCAATATATATATATAGATGTTCACGAAGGTGCTGAGGTTAACACAGGGGTTGAACATAAAGGTTTGTTCTTTTGACAGCATTCTAACATAAAAAGAGTAATTCTGTTCTAAAATCATATCCACTCATCCACAATAACTCTAAATCTTCCTTTCATTTGTCATTATATTCCTCATT[A/G]TTTTTAAGTAGTCAAATCAAACAACAAAAATTGGTAATAGCATTCTGTTATTAACAAAGAATCACACAACAACATCACTTTGATGATTGCAGCAACAGGCATTACCATTCATCTAAGAGTTTTATAATCTTTACTTTATCCGTCATCATAAACCTTTTTTCTTTTTTCAATAGGCAAAACAAATAAAATTGGTAAAAAAAATAAAAAATAAAAAAAAATTATTATTGACAAAGAATTACACACTAGCACCCATTCATCATTGCAATAACAGGTACCTCATTAATTGCCAAAACTTGACCA,PN40024_assembly_v2_upper_rename.fa,chr19,17333814,[A/G],SNP,2,genic,Muscadine,17.0
chr19_023812669,C,T,T,CCTAAAATACAATAGGCCAAACCTTTGATCTTGTCATCAATGACAATGTAAAAGATCTCCTGCGATCAGATTTTCTCCTGTTATTGATATCTGAGGTATTTGTAGAAGTGCTGGCATTGCCATCAGGTGGAAGCTCTCCTTGTGCTGGTTGATAAGGACCCACGAATCCAATACTTTCGGGAAGAGAAGATGGCACTAGTTTCTCCTTGTTCTTGGATGAAATTGCTGCACCAGATATTGACTTGTCTAACACCGATGTCCGCTTGGACTTCAATGTCCTTTGAGTTTGAACATTAGAAG[C/T]CTTGACTGTGGTTCTCAAAGTAGGCTGGATTTCAATGAAGTAAAGAAAGAGTTCAAATAGCTGAAACTGGTTAAGCAAAATGAAATCTCTAGTTTTGAAATACTAGTAAGAGCTAAATGATATTGACTTTAAAAGGGACAATGAAGATCCTGTTCTAAATTGAACTTGATGGTTATAGTTGATTATTATACCTTAGTCAAAGGCATAATCATAATGCACTGTAAAGAAACACTAAGGATGACGTTAATTCACCATTTAAAAGTCGTAATAATTCCAGTGGAAGTTTAAAAAGCAACAAAT,PN40024_assembly_v2_upper_rename.fa,chr19,23812669,[C/T],SNP,2,genic,Muscadine,23.0
